1.000000000000000000e+00,6.200000000000000000e+01,2.799393299999999840e+01,4.852281999999999762e+00,1.285479999999999956e-01,0.000000000000000000e+00
1.000000000000000000e+00,4.400000000000000000e+01,8.570709000000000799e+00,0.000000000000000000e+00,1.235720000000000013e-01,0.000000000000000000e+00
1.000000000000000000e+00,4.400000000000000000e+01,6.935635999999999690e+00,3.237240000000000117e-01,1.267409999999999926e-01,0.000000000000000000e+00
0.000000000000000000e+00,2.900000000000000000e+01,9.113818999999999448e+00,0.000000000000000000e+00,1.395750000000000046e-01,0.000000000000000000e+00
1.000000000000000000e+00,2.200000000000000000e+01,2.354554299999999856e+01,4.963719999999999799e-01,1.167929999999999940e-01,0.000000000000000000e+00
1.000000000000000000e+00,7.900000000000000000e+01,1.005438400000000065e+01,9.977999999999999370e-02,1.091339999999999949e-01,0.000000000000000000e+00
1.000000000000000000e+00,7.000000000000000000e+01,3.108357999999999954e+00,2.879590000000000205e-01,8.958699999999999997e-02,0.000000000000000000e+00
1.000000000000000000e+00,4.800000000000000000e+01,6.737582999999999878e+00,1.892349999999999866e-01,1.382869999999999933e-01,1.000000000000000000e+00
1.000000000000000000e+00,1.050000000000000000e+02,7.057101000000000113e+01,1.993725299999999834e+01,1.342470000000000052e-01,1.000000000000000000e+00
0.000000000000000000e+00,4.600000000000000000e+01,2.129331200000000024e+01,2.276676000000000144e+00,1.049490000000000006e-01,1.000000000000000000e+00
1.000000000000000000e+00,1.900000000000000000e+01,3.467820199999999886e+01,1.045156999999999892e+00,9.401400000000000035e-02,1.000000000000000000e+00
0.000000000000000000e+00,3.700000000000000000e+01,3.161544000000000132e+00,1.524726999999999943e+00,9.826999999999999624e-02,0.000000000000000000e+00
1.000000000000000000e+00,5.000000000000000000e+00,6.890884999999999927e+00,1.698979999999999935e-01,1.097479999999999983e-01,1.000000000000000000e+00
1.000000000000000000e+00,4.000000000000000000e+01,2.312125599999999892e+01,5.437382000000000382e+00,1.051290000000000002e-01,1.000000000000000000e+00
1.000000000000000000e+00,9.900000000000000000e+01,5.026965400000000272e+01,1.098917999999999928e+01,1.174209999999999976e-01,1.000000000000000000e+00
1.000000000000000000e+00,1.030000000000000000e+02,3.762342999999999993e+00,1.091400000000000009e-02,1.340909999999999880e-01,0.000000000000000000e+00
1.000000000000000000e+00,4.200000000000000000e+01,4.426479999999999748e+00,0.000000000000000000e+00,9.959199999999999997e-02,0.000000000000000000e+00
1.000000000000000000e+00,1.070000000000000000e+02,4.482088000000000250e+01,7.708971000000000018e+00,1.384029999999999982e-01,1.000000000000000000e+00
1.000000000000000000e+00,6.400000000000000000e+01,1.445126999999999917e+01,9.320929999999999493e-01,9.948400000000000298e-02,0.000000000000000000e+00
1.000000000000000000e+00,2.000000000000000000e+00,6.587595000000000312e+00,1.985590000000000133e-01,1.147920000000000051e-01,1.000000000000000000e+00
1.000000000000000000e+00,7.200000000000000000e+01,1.049084200000000067e+01,3.212110000000000243e-01,1.152669999999999945e-01,0.000000000000000000e+00
0.000000000000000000e+00,1.600000000000000000e+01,2.249308900000000122e+01,1.672169000000000016e+00,1.237209999999999976e-01,0.000000000000000000e+00
1.000000000000000000e+00,7.600000000000000000e+01,7.943621000000000265e+00,2.737020000000000008e-01,9.227699999999999791e-02,0.000000000000000000e+00
1.000000000000000000e+00,4.400000000000000000e+01,3.829553500000000099e+01,8.547969999999999402e+00,1.146039999999999975e-01,1.000000000000000000e+00
1.000000000000000000e+00,3.700000000000000000e+01,1.137606300000000026e+01,2.587899999999999923e-02,1.233049999999999979e-01,0.000000000000000000e+00
1.000000000000000000e+00,6.400000000000000000e+01,2.079429400000000072e+01,6.953829999999999734e-01,8.750900000000000345e-02,0.000000000000000000e+00
1.000000000000000000e+00,4.200000000000000000e+01,5.872489699999999857e+01,4.200789999999999802e-01,1.661849999999999994e-01,0.000000000000000000e+00
1.000000000000000000e+00,3.300000000000000000e+01,2.335889999999999911e-01,0.000000000000000000e+00,9.966500000000000359e-02,1.000000000000000000e+00
1.000000000000000000e+00,4.900000000000000000e+01,1.366680900000000065e+01,1.924680000000000002e-01,1.133080000000000059e-01,0.000000000000000000e+00
1.000000000000000000e+00,1.070000000000000000e+02,2.662531900000000107e+01,8.119854000000000127e+00,9.751700000000000645e-02,0.000000000000000000e+00
1.000000000000000000e+00,2.200000000000000000e+01,2.497133499999999984e+01,7.136710000000000553e-01,9.815500000000000613e-02,1.000000000000000000e+00
1.000000000000000000e+00,5.600000000000000000e+01,2.747317999999999927e+00,6.314089999999999980e-01,1.024319999999999953e-01,1.000000000000000000e+00
0.000000000000000000e+00,7.000000000000000000e+00,7.628970099999999377e+01,1.201699000000000073e+00,1.426260000000000028e-01,1.000000000000000000e+00
1.000000000000000000e+00,3.100000000000000000e+01,2.160439099999999968e+01,5.750220000000000331e-01,1.102209999999999995e-01,0.000000000000000000e+00
1.000000000000000000e+00,1.800000000000000000e+01,2.514203099999999935e+01,1.824551000000000034e+00,9.348800000000000165e-02,0.000000000000000000e+00
1.000000000000000000e+00,1.010000000000000000e+02,1.576888199999999962e+01,3.726360000000000228e-01,6.463099999999999401e-02,0.000000000000000000e+00
1.000000000000000000e+00,1.900000000000000000e+01,3.029279999999999751e-01,0.000000000000000000e+00,1.187359999999999943e-01,1.000000000000000000e+00
1.000000000000000000e+00,5.600000000000000000e+01,1.913991199999999893e+01,8.196870000000000545e-01,1.204059999999999991e-01,0.000000000000000000e+00
1.000000000000000000e+00,5.100000000000000000e+01,5.459432499999999777e+01,1.497559000000000085e+00,1.025200000000000000e-01,1.000000000000000000e+00
1.000000000000000000e+00,6.600000000000000000e+01,4.009014999999999773e+00,1.292729999999999990e-01,9.656499999999999806e-02,0.000000000000000000e+00
1.000000000000000000e+00,5.600000000000000000e+01,1.064103399999999944e+01,1.584800000000000098e-01,5.790599999999999914e-02,0.000000000000000000e+00
1.000000000000000000e+00,7.000000000000000000e+01,9.481386000000000536e+00,1.196220999999999979e+00,9.143099999999999838e-02,0.000000000000000000e+00
1.000000000000000000e+00,4.300000000000000000e+01,9.669271999999999423e+00,2.747569999999999735e-01,9.934700000000000475e-02,0.000000000000000000e+00
1.000000000000000000e+00,3.400000000000000000e+01,3.559504400000000146e+01,9.299730000000000496e-01,9.530800000000000383e-02,0.000000000000000000e+00
1.000000000000000000e+00,9.500000000000000000e+01,1.735015500000000088e+01,3.318716000000000221e+00,9.283099999999999685e-02,0.000000000000000000e+00
1.000000000000000000e+00,5.400000000000000000e+01,7.266233999999999860e+00,1.858800000000000036e-02,1.161729999999999985e-01,0.000000000000000000e+00
1.000000000000000000e+00,6.000000000000000000e+01,5.534381799999999885e+01,1.118471899999999941e+01,7.716499999999999748e-02,0.000000000000000000e+00
1.000000000000000000e+00,3.400000000000000000e+01,4.294345999999999997e+00,4.460459999999999980e-01,8.613300000000000123e-02,0.000000000000000000e+00
1.000000000000000000e+00,2.200000000000000000e+01,3.608415500000000264e+01,1.653016999999999959e+00,8.683799999999999852e-02,1.000000000000000000e+00
1.000000000000000000e+00,3.500000000000000000e+01,1.067179299999999920e+01,8.333699999999999442e-02,1.006330000000000002e-01,0.000000000000000000e+00
1.000000000000000000e+00,1.100000000000000000e+01,6.857065999999999661e+00,1.027176000000000089e+00,1.086629999999999957e-01,0.000000000000000000e+00
1.000000000000000000e+00,1.500000000000000000e+01,1.112322999999999951e+00,0.000000000000000000e+00,9.799299999999999677e-02,0.000000000000000000e+00
1.000000000000000000e+00,7.900000000000000000e+01,3.922031000000000045e+00,5.180599999999999788e-02,1.112309999999999965e-01,0.000000000000000000e+00
1.000000000000000000e+00,6.300000000000000000e+01,1.989700500000000005e+01,2.730872000000000188e+00,9.742199999999999471e-02,0.000000000000000000e+00
1.000000000000000000e+00,4.500000000000000000e+01,3.902642099999999914e+01,7.394719000000000264e+00,1.126680000000000043e-01,1.000000000000000000e+00
1.000000000000000000e+00,5.800000000000000000e+01,3.147352800000000173e+01,3.116499999999999826e-01,7.673800000000000066e-02,0.000000000000000000e+00
1.000000000000000000e+00,1.100000000000000000e+01,3.138184599999999946e+01,3.739649999999999919e-01,1.260439999999999894e-01,1.000000000000000000e+00
1.000000000000000000e+00,4.200000000000000000e+01,1.183905799999999964e+01,0.000000000000000000e+00,1.398379999999999901e-01,0.000000000000000000e+00
1.000000000000000000e+00,4.100000000000000000e+01,1.126417000000000002e+00,0.000000000000000000e+00,1.361600000000000033e-01,0.000000000000000000e+00
1.000000000000000000e+00,1.900000000000000000e+01,3.355011199999999860e+01,7.109159999999999924e-01,1.025449999999999973e-01,0.000000000000000000e+00
1.000000000000000000e+00,1.300000000000000000e+01,3.951696499999999901e+01,1.349072000000000049e+00,1.354239999999999888e-01,0.000000000000000000e+00
1.000000000000000000e+00,4.700000000000000000e+01,3.375949399999999656e+01,1.609440299999999979e+01,9.894100000000000117e-02,1.000000000000000000e+00
1.000000000000000000e+00,1.900000000000000000e+01,6.067515000000000214e+00,1.868420000000000081e-01,1.119109999999999966e-01,1.000000000000000000e+00
1.000000000000000000e+00,4.700000000000000000e+01,4.043777999999999651e+00,2.124300000000000146e-02,1.213889999999999969e-01,0.000000000000000000e+00
1.000000000000000000e+00,4.900000000000000000e+01,5.025122999999999962e+01,1.057163399999999953e+01,9.080900000000000083e-02,1.000000000000000000e+00
1.000000000000000000e+00,6.000000000000000000e+01,7.879343999999999681e+00,1.265630000000000088e-01,8.643399999999999694e-02,0.000000000000000000e+00
1.000000000000000000e+00,9.000000000000000000e+00,1.700900899999999893e+01,9.542939999999999756e-01,9.302499999999999658e-02,1.000000000000000000e+00
1.000000000000000000e+00,1.200000000000000000e+01,1.599650300000000058e+01,1.240172000000000052e+00,1.146630000000000010e-01,0.000000000000000000e+00
1.000000000000000000e+00,1.000000000000000000e+01,1.744196700000000178e+01,2.878580000000000028e-01,7.923600000000000088e-02,1.000000000000000000e+00
0.000000000000000000e+00,5.200000000000000000e+01,3.188813000000000120e+00,1.039085999999999954e+00,1.057749999999999940e-01,1.000000000000000000e+00
1.000000000000000000e+00,2.800000000000000000e+01,2.599053000000000058e+00,2.339700000000000113e-02,9.053500000000000436e-02,0.000000000000000000e+00
1.000000000000000000e+00,8.900000000000000000e+01,1.565964199999999984e+01,4.942739999999999911e-01,8.543000000000000593e-02,0.000000000000000000e+00
1.000000000000000000e+00,6.900000000000000000e+01,1.360910999999999937e+01,7.201480000000000103e-01,1.028779999999999972e-01,0.000000000000000000e+00
1.000000000000000000e+00,1.140000000000000000e+02,2.780744200000000177e+01,8.910730000000000040e-01,1.317059999999999897e-01,1.000000000000000000e+00
1.000000000000000000e+00,4.700000000000000000e+01,4.805384000000000100e+00,0.000000000000000000e+00,1.119669999999999971e-01,0.000000000000000000e+00
1.000000000000000000e+00,6.100000000000000000e+01,1.802212799999999859e+01,5.880950000000000344e-01,7.523900000000000032e-02,0.000000000000000000e+00
1.000000000000000000e+00,6.300000000000000000e+01,5.947414000000000200e+00,1.015599999999999975e-01,9.078799999999999371e-02,0.000000000000000000e+00
1.000000000000000000e+00,2.800000000000000000e+01,4.577000000000000339e-03,0.000000000000000000e+00,1.098419999999999952e-01,0.000000000000000000e+00
1.000000000000000000e+00,1.300000000000000000e+01,2.577251400000000103e+01,3.228659999999999863e-01,9.696299999999999364e-02,1.000000000000000000e+00
1.000000000000000000e+00,6.200000000000000000e+01,1.031522799999999940e+01,4.596100000000000185e-02,9.038999999999999813e-02,0.000000000000000000e+00
1.000000000000000000e+00,5.900000000000000000e+01,8.620227999999999113e+00,9.991300000000000181e-02,1.368050000000000099e-01,0.000000000000000000e+00
0.000000000000000000e+00,8.000000000000000000e+00,5.303666999999999909e+00,1.013999999999999927e-03,1.074520000000000058e-01,0.000000000000000000e+00
1.000000000000000000e+00,9.500000000000000000e+01,1.834044199999999947e+01,6.215226999999999613e+00,1.083449999999999969e-01,0.000000000000000000e+00
1.000000000000000000e+00,6.400000000000000000e+01,1.482490400000000008e+01,4.543300000000000116e-01,8.958599999999999897e-02,0.000000000000000000e+00
1.000000000000000000e+00,3.400000000000000000e+01,3.826111000000000040e+00,0.000000000000000000e+00,1.025400000000000061e-01,0.000000000000000000e+00
1.000000000000000000e+00,3.000000000000000000e+01,2.513846200000000053e+01,5.234590000000000076e-01,1.096570000000000045e-01,0.000000000000000000e+00
1.000000000000000000e+00,3.300000000000000000e+01,9.283979999999999455e-01,0.000000000000000000e+00,1.118549999999999961e-01,0.000000000000000000e+00
1.000000000000000000e+00,2.400000000000000000e+01,5.272850000000000037e+00,9.521699999999999608e-02,1.389239999999999919e-01,0.000000000000000000e+00
1.000000000000000000e+00,5.500000000000000000e+01,3.723003999999999980e+00,3.111600000000000130e-02,1.089050000000000018e-01,0.000000000000000000e+00
1.000000000000000000e+00,1.100000000000000000e+01,5.469347100000000239e+01,2.590549800000000147e+01,8.583100000000000451e-02,0.000000000000000000e+00
1.000000000000000000e+00,4.700000000000000000e+01,7.675472000000000072e+00,8.155600000000000349e-02,1.354130000000000056e-01,0.000000000000000000e+00
1.000000000000000000e+00,6.700000000000000000e+01,2.592076600000000042e+01,4.437833999999999612e+00,8.271199999999999386e-02,0.000000000000000000e+00
1.000000000000000000e+00,1.900000000000000000e+01,2.251671599999999884e+01,1.830276999999999932e+00,1.117019999999999957e-01,1.000000000000000000e+00
1.000000000000000000e+00,7.900000000000000000e+01,9.965168999999999500e+00,3.960690000000000044e-01,1.237719999999999931e-01,0.000000000000000000e+00
1.000000000000000000e+00,3.700000000000000000e+01,2.386701700000000059e+01,1.092568999999999901e+00,1.082359999999999989e-01,0.000000000000000000e+00
1.000000000000000000e+00,1.200000000000000000e+01,3.298859000000000208e+00,1.474350000000000105e-01,7.662700000000000067e-02,1.000000000000000000e+00
1.000000000000000000e+00,4.900000000000000000e+01,1.366680900000000065e+01,1.924680000000000002e-01,1.133080000000000059e-01,0.000000000000000000e+00
1.000000000000000000e+00,1.400000000000000000e+01,2.613390199999999908e+01,1.319269999999999887e-01,8.348500000000000365e-02,0.000000000000000000e+00
1.000000000000000000e+00,1.600000000000000000e+01,2.905094899999999924e+01,1.800816999999999890e+00,1.022389999999999965e-01,0.000000000000000000e+00
1.000000000000000000e+00,7.300000000000000000e+01,1.034526900000000005e+01,2.739039999999999808e-01,8.001700000000000479e-02,0.000000000000000000e+00
1.000000000000000000e+00,6.600000000000000000e+01,1.384276499999999999e+01,4.007890000000000064e-01,9.165299999999999836e-02,0.000000000000000000e+00
0.000000000000000000e+00,6.000000000000000000e+01,3.467365000000000030e+00,0.000000000000000000e+00,1.029609999999999970e-01,0.000000000000000000e+00
1.000000000000000000e+00,3.700000000000000000e+01,1.071323399999999992e+01,3.580740000000000034e-01,1.096990000000000048e-01,1.000000000000000000e+00
1.000000000000000000e+00,7.300000000000000000e+01,4.969142200000000287e+01,5.687412000000000134e+00,1.191299999999999998e-01,0.000000000000000000e+00
1.000000000000000000e+00,6.800000000000000000e+01,4.694982999999999684e+00,1.545020000000000004e-01,1.150889999999999969e-01,0.000000000000000000e+00
1.000000000000000000e+00,2.400000000000000000e+01,3.760784400000000005e+01,1.662263999999999964e+00,9.556699999999999917e-02,1.000000000000000000e+00
1.000000000000000000e+00,6.400000000000000000e+01,3.428348000000000173e+00,3.567529999999999868e-01,1.215839999999999976e-01,0.000000000000000000e+00
1.000000000000000000e+00,8.900000000000000000e+01,2.480527899999999875e+01,6.152663999999999689e+00,1.130079999999999973e-01,0.000000000000000000e+00
1.000000000000000000e+00,6.000000000000000000e+01,3.054084100000000035e+01,1.960020000000000095e-01,9.487299999999999900e-02,0.000000000000000000e+00
0.000000000000000000e+00,9.300000000000000000e+01,5.390854000000000035e+00,2.815900000000000000e-02,9.229800000000000504e-02,0.000000000000000000e+00
1.000000000000000000e+00,4.200000000000000000e+01,5.477557900000000046e+01,2.459468999999999905e+00,9.764599999999999669e-02,1.000000000000000000e+00
1.000000000000000000e+00,7.300000000000000000e+01,1.214357900000000079e+01,7.262250000000000094e-01,9.499100000000000599e-02,0.000000000000000000e+00
1.000000000000000000e+00,4.500000000000000000e+01,1.339435499999999912e+01,3.156300000000000217e-01,1.041890000000000038e-01,0.000000000000000000e+00
1.000000000000000000e+00,2.300000000000000000e+01,3.447823000000000082e+00,0.000000000000000000e+00,1.164280000000000037e-01,0.000000000000000000e+00
1.000000000000000000e+00,4.900000000000000000e+01,8.106110800000000438e+01,1.147492100000000015e+01,9.907299999999999440e-02,0.000000000000000000e+00
1.000000000000000000e+00,4.900000000000000000e+01,3.671163200000000160e+01,2.122307999999999861e+00,9.311999999999999444e-02,1.000000000000000000e+00
1.000000000000000000e+00,1.700000000000000000e+01,2.035249999999999915e+01,2.068170000000000008e-01,8.932900000000000562e-02,1.000000000000000000e+00
1.000000000000000000e+00,8.100000000000000000e+01,1.190328200000000081e+01,3.712550000000000017e-01,1.155359999999999998e-01,0.000000000000000000e+00
1.000000000000000000e+00,8.000000000000000000e+01,9.871923000000000670e+00,5.977890000000000148e-01,9.937699999999999312e-02,0.000000000000000000e+00
1.000000000000000000e+00,5.900000000000000000e+01,6.582831999999999795e+00,1.600640000000000118e-01,1.383079999999999865e-01,0.000000000000000000e+00
1.000000000000000000e+00,1.600000000000000000e+01,4.004816300000000240e+01,2.602161999999999864e+00,1.155619999999999981e-01,0.000000000000000000e+00
0.000000000000000000e+00,2.400000000000000000e+01,6.800768399999999758e+01,2.491706999999999894e+00,1.163200000000000067e-01,0.000000000000000000e+00
1.000000000000000000e+00,7.900000000000000000e+01,3.472471000000000085e+00,7.327960000000000029e-01,1.202860000000000040e-01,0.000000000000000000e+00
1.000000000000000000e+00,3.600000000000000000e+01,1.671314270000000022e+02,1.586512800000000034e+01,1.237309999999999938e-01,1.000000000000000000e+00
1.000000000000000000e+00,8.700000000000000000e+01,1.826854200000000006e+01,1.578991000000000033e+00,1.602099999999999913e-01,0.000000000000000000e+00
1.000000000000000000e+00,1.600000000000000000e+01,9.855380000000000251e+00,2.304558000000000106e+00,1.215070000000000039e-01,0.000000000000000000e+00
1.000000000000000000e+00,5.900000000000000000e+01,1.090940200000000004e+01,4.719160000000000021e-01,1.321980000000000099e-01,0.000000000000000000e+00
1.000000000000000000e+00,8.000000000000000000e+01,3.694036000000000097e+00,6.815000000000000224e-02,9.138300000000000589e-02,0.000000000000000000e+00
1.000000000000000000e+00,6.900000000000000000e+01,2.338564799999999977e+01,1.674971999999999905e+00,1.258769999999999889e-01,1.000000000000000000e+00
1.000000000000000000e+00,9.000000000000000000e+01,2.050932600000000150e+01,8.234851000000000809e+00,1.235689999999999983e-01,0.000000000000000000e+00
0.000000000000000000e+00,4.100000000000000000e+01,1.414413700000000063e+01,5.993619999999999504e-01,1.112530000000000047e-01,1.000000000000000000e+00
0.000000000000000000e+00,1.100000000000000000e+01,2.683554000000000173e+01,5.437809999999999588e-01,1.284599999999999909e-01,0.000000000000000000e+00
0.000000000000000000e+00,1.400000000000000000e+01,1.365401600000000037e+01,0.000000000000000000e+00,1.351120000000000099e-01,1.000000000000000000e+00
1.000000000000000000e+00,7.400000000000000000e+01,1.506526000000000032e+01,7.751160000000000272e-01,9.101399999999999768e-02,0.000000000000000000e+00
0.000000000000000000e+00,8.000000000000000000e+00,1.385574399999999962e+01,1.314130000000000020e-01,1.053390000000000021e-01,0.000000000000000000e+00
1.000000000000000000e+00,1.400000000000000000e+01,2.911436999999999831e+00,1.510383999999999949e+00,8.705999999999999850e-02,0.000000000000000000e+00
1.000000000000000000e+00,5.200000000000000000e+01,1.950051999999999897e+00,0.000000000000000000e+00,1.065600000000000019e-01,0.000000000000000000e+00
0.000000000000000000e+00,2.500000000000000000e+01,7.019029999999999880e+00,3.060999999999999919e-03,7.958800000000000596e-02,0.000000000000000000e+00
1.000000000000000000e+00,4.700000000000000000e+01,1.225136000000000003e+00,0.000000000000000000e+00,1.076030000000000042e-01,0.000000000000000000e+00
1.000000000000000000e+00,1.600000000000000000e+01,9.351421499999999298e+01,7.466452000000000311e+00,8.811199999999999588e-02,0.000000000000000000e+00
1.000000000000000000e+00,5.900000000000000000e+01,2.423919000000000157e+00,6.021200000000000163e-02,9.880899999999999406e-02,0.000000000000000000e+00
1.000000000000000000e+00,4.500000000000000000e+01,8.528504999999999114e+00,4.875999999999999779e-02,1.310439999999999938e-01,0.000000000000000000e+00
1.000000000000000000e+00,1.300000000000000000e+01,8.645599999999999952e-01,0.000000000000000000e+00,1.226430000000000020e-01,0.000000000000000000e+00
1.000000000000000000e+00,6.500000000000000000e+01,5.645997999999999628e+00,6.273330000000000295e-01,1.150370000000000004e-01,0.000000000000000000e+00
1.000000000000000000e+00,1.900000000000000000e+01,3.681121000000000087e+00,1.987600000000000131e-02,8.646299999999999819e-02,1.000000000000000000e+00
1.000000000000000000e+00,1.020000000000000000e+02,8.276676999999999396e+00,7.132669999999999844e-01,9.263200000000000600e-02,0.000000000000000000e+00
1.000000000000000000e+00,8.500000000000000000e+01,3.122561500000000123e+01,1.898701999999999890e+00,8.933299999999999574e-02,0.000000000000000000e+00
0.000000000000000000e+00,4.500000000000000000e+01,1.265709700000000026e+01,3.834599999999999814e-02,1.073680000000000051e-01,0.000000000000000000e+00
1.000000000000000000e+00,3.600000000000000000e+01,1.809433800000000048e+01,3.590284000000000031e+00,1.306670000000000054e-01,1.000000000000000000e+00
0.000000000000000000e+00,6.000000000000000000e+00,8.003728000000000620e+00,1.112800000000000074e-02,1.102640000000000009e-01,0.000000000000000000e+00
1.000000000000000000e+00,1.900000000000000000e+01,6.129565800000000309e+01,1.534707000000000043e+00,9.067400000000000460e-02,1.000000000000000000e+00
1.000000000000000000e+00,1.260000000000000000e+02,1.110276299999999949e+01,1.642891000000000101e+00,1.496369999999999922e-01,0.000000000000000000e+00
0.000000000000000000e+00,8.000000000000000000e+00,2.399179900000000032e+01,1.025476999999999972e+00,9.756599999999999995e-02,0.000000000000000000e+00
1.000000000000000000e+00,7.700000000000000000e+01,1.866291199999999861e+01,2.175708000000000197e+00,9.946099999999999386e-02,0.000000000000000000e+00
1.000000000000000000e+00,8.700000000000000000e+01,3.817888700000000313e+01,3.147661999999999960e+00,1.551740000000000064e-01,0.000000000000000000e+00
1.000000000000000000e+00,8.900000000000000000e+01,4.416116900000000101e+01,6.712149000000000143e+00,1.130789999999999990e-01,1.000000000000000000e+00
1.000000000000000000e+00,8.100000000000000000e+01,1.421456599999999959e+01,6.809279999999999777e-01,1.147979999999999973e-01,0.000000000000000000e+00
1.000000000000000000e+00,5.600000000000000000e+01,1.632762400000000014e+01,1.325220000000000009e-01,1.163600000000000051e-01,0.000000000000000000e+00
1.000000000000000000e+00,9.000000000000000000e+01,5.608692800000000034e+01,8.318595000000000184e+00,1.188369999999999982e-01,1.000000000000000000e+00
1.000000000000000000e+00,1.200000000000000000e+01,2.554681199999999919e+01,3.561099999999999821e-01,1.115400000000000003e-01,1.000000000000000000e+00
1.000000000000000000e+00,4.800000000000000000e+01,1.529656400000000005e+01,1.591136000000000106e+00,1.144150000000000028e-01,0.000000000000000000e+00
1.000000000000000000e+00,1.700000000000000000e+01,2.244239999999999924e+01,1.891224999999999934e+00,1.108890000000000015e-01,1.000000000000000000e+00
1.000000000000000000e+00,4.700000000000000000e+01,5.371805400000000219e+01,4.764972000000000207e+00,1.036529999999999951e-01,1.000000000000000000e+00
1.000000000000000000e+00,3.000000000000000000e+00,1.373742999999999936e+00,4.806999999999999641e-03,1.278569999999999984e-01,1.000000000000000000e+00
1.000000000000000000e+00,5.600000000000000000e+01,1.563090000000000046e+01,1.727362000000000064e+00,8.934599999999999487e-02,0.000000000000000000e+00
1.000000000000000000e+00,7.800000000000000000e+01,2.147835000000000161e+00,4.979359999999999897e-01,1.092650000000000010e-01,0.000000000000000000e+00
1.000000000000000000e+00,4.100000000000000000e+01,4.907665599999999984e+01,2.323678200000000160e+01,9.807599999999999651e-02,1.000000000000000000e+00
1.000000000000000000e+00,6.600000000000000000e+01,7.225444999999999673e+00,1.712485000000000035e+00,1.544419999999999960e-01,0.000000000000000000e+00
1.000000000000000000e+00,5.200000000000000000e+01,1.474495100000000036e+01,9.600560000000000205e-01,1.194179999999999964e-01,0.000000000000000000e+00
1.000000000000000000e+00,2.800000000000000000e+01,6.967765599999999893e+01,2.438362999999999836e+00,9.434399999999999731e-02,1.000000000000000000e+00
1.000000000000000000e+00,2.100000000000000000e+01,2.469549299999999903e+01,3.250049999999999883e-01,7.222299999999999554e-02,0.000000000000000000e+00
1.000000000000000000e+00,1.200000000000000000e+01,2.612404000000000170e+00,1.018219999999999958e-01,9.873700000000000532e-02,1.000000000000000000e+00
1.000000000000000000e+00,2.200000000000000000e+01,5.150126499999999652e+01,1.913008000000000042e+00,1.312129999999999963e-01,0.000000000000000000e+00
1.000000000000000000e+00,8.100000000000000000e+01,1.883623100000000150e+01,9.269500000000000517e-01,1.241040000000000060e-01,0.000000000000000000e+00
1.000000000000000000e+00,4.800000000000000000e+01,2.192101900000000114e+01,0.000000000000000000e+00,1.029879999999999962e-01,0.000000000000000000e+00
1.000000000000000000e+00,7.600000000000000000e+01,7.942270000000000163e-01,5.001799999999999996e-02,1.015520000000000034e-01,0.000000000000000000e+00
1.000000000000000000e+00,9.000000000000000000e+00,2.888693500000000114e+01,3.601909999999999834e-01,1.186989999999999990e-01,1.000000000000000000e+00
1.000000000000000000e+00,4.900000000000000000e+01,9.319017000000000550e+00,3.508000000000000007e-01,9.438599999999999768e-02,0.000000000000000000e+00
1.000000000000000000e+00,3.100000000000000000e+01,2.323815000000000097e+01,2.828180999999999834e+00,8.915800000000000114e-02,0.000000000000000000e+00
1.000000000000000000e+00,1.370000000000000000e+02,1.703801999999999950e+01,4.493408999999999764e+00,1.246460000000000068e-01,0.000000000000000000e+00
1.000000000000000000e+00,9.000000000000000000e+00,3.752262999999999948e+01,1.859261999999999970e+00,8.562400000000000566e-02,0.000000000000000000e+00
1.000000000000000000e+00,6.000000000000000000e+01,1.006008600000000008e+01,0.000000000000000000e+00,9.891600000000000392e-02,1.000000000000000000e+00
1.000000000000000000e+00,6.000000000000000000e+01,3.382885499999999723e+01,3.779370999999999814e+00,1.393689999999999929e-01,1.000000000000000000e+00
1.000000000000000000e+00,1.510000000000000000e+02,2.160079700000000003e+01,5.526918000000000220e+00,1.141609999999999986e-01,0.000000000000000000e+00
1.000000000000000000e+00,1.400000000000000000e+01,8.116360000000000241e-01,0.000000000000000000e+00,1.076030000000000042e-01,1.000000000000000000e+00
1.000000000000000000e+00,8.100000000000000000e+01,1.001427499999999959e+01,8.337400000000000366e-02,1.274200000000000055e-01,0.000000000000000000e+00
1.000000000000000000e+00,2.200000000000000000e+01,1.781575899999999990e+01,6.846339999999999648e-01,1.028990000000000044e-01,1.000000000000000000e+00
1.000000000000000000e+00,4.800000000000000000e+01,2.929108099999999837e+01,7.476359999999999673e-01,1.363520000000000010e-01,0.000000000000000000e+00
0.000000000000000000e+00,6.900000000000000000e+01,1.715370000000000061e+00,1.554000000000000043e-03,1.211949999999999972e-01,0.000000000000000000e+00
1.000000000000000000e+00,1.500000000000000000e+01,1.451019600000000054e+01,4.729249999999999843e-01,9.673500000000000154e-02,1.000000000000000000e+00
1.000000000000000000e+00,4.400000000000000000e+01,3.535748300000000199e+01,5.710939999999999905e+00,1.217710000000000042e-01,1.000000000000000000e+00
1.000000000000000000e+00,4.800000000000000000e+01,1.880232799999999926e+01,1.287069000000000019e+00,1.035220000000000029e-01,0.000000000000000000e+00
1.000000000000000000e+00,4.800000000000000000e+01,5.179517999999999844e+00,0.000000000000000000e+00,1.275890000000000080e-01,0.000000000000000000e+00
0.000000000000000000e+00,4.000000000000000000e+00,3.951788000000000078e+00,6.849000000000000053e-03,1.125170000000000059e-01,0.000000000000000000e+00
1.000000000000000000e+00,3.500000000000000000e+01,3.413308099999999712e+01,9.722619999999999596e-01,1.162989999999999996e-01,0.000000000000000000e+00
1.000000000000000000e+00,5.700000000000000000e+01,1.081406000000000089e+00,0.000000000000000000e+00,1.139119999999999994e-01,0.000000000000000000e+00
1.000000000000000000e+00,2.200000000000000000e+01,1.078063180000000045e+02,6.997410999999999603e+00,1.230829999999999980e-01,0.000000000000000000e+00
1.000000000000000000e+00,5.300000000000000000e+01,3.172334000000000032e+01,4.446227000000000373e+00,9.676700000000000579e-02,0.000000000000000000e+00
1.000000000000000000e+00,2.500000000000000000e+01,2.174194800000000072e+01,5.852850000000000552e-01,9.900399999999999479e-02,1.000000000000000000e+00
1.000000000000000000e+00,7.000000000000000000e+00,3.521532400000000251e+01,1.776270999999999933e+00,1.238289999999999946e-01,0.000000000000000000e+00
1.000000000000000000e+00,5.800000000000000000e+01,7.067934000000000161e+00,5.307089999999999863e-01,1.150380000000000014e-01,0.000000000000000000e+00
1.000000000000000000e+00,5.000000000000000000e+00,2.480281599999999997e+01,4.849539999999999962e-01,1.108179999999999998e-01,1.000000000000000000e+00
1.000000000000000000e+00,1.600000000000000000e+01,2.903411699999999840e+01,1.259482999999999908e+00,1.144980000000000026e-01,0.000000000000000000e+00
1.000000000000000000e+00,5.400000000000000000e+01,3.547642900000000310e+01,4.092001999999999917e+00,1.354690000000000061e-01,1.000000000000000000e+00
1.000000000000000000e+00,6.100000000000000000e+01,7.824741899999999362e+01,1.409072399999999980e+01,1.249910000000000049e-01,1.000000000000000000e+00
1.000000000000000000e+00,4.500000000000000000e+01,1.092024400000000028e+01,0.000000000000000000e+00,1.192440000000000028e-01,0.000000000000000000e+00
0.000000000000000000e+00,3.000000000000000000e+01,4.290740999999999694e+00,0.000000000000000000e+00,1.303989999999999871e-01,0.000000000000000000e+00
1.000000000000000000e+00,4.100000000000000000e+01,3.418057999999999907e+01,4.708530000000000215e-01,1.165629999999999999e-01,0.000000000000000000e+00
1.000000000000000000e+00,5.500000000000000000e+01,3.259811299999999790e+01,2.554669000000000079e+00,1.477219999999999922e-01,1.000000000000000000e+00
1.000000000000000000e+00,4.900000000000000000e+01,1.511936799999999970e+01,1.942869999999999875e-01,8.281099999999999572e-02,0.000000000000000000e+00
1.000000000000000000e+00,7.700000000000000000e+01,8.705123000000000388e+00,1.062199999999999950e-02,1.107680000000000053e-01,0.000000000000000000e+00
1.000000000000000000e+00,3.300000000000000000e+01,4.974086999999999925e+00,4.740000000000000289e-03,1.185060000000000002e-01,0.000000000000000000e+00
1.000000000000000000e+00,6.200000000000000000e+01,1.128537200000000063e+01,1.346497999999999973e+00,1.291160000000000085e-01,0.000000000000000000e+00
1.000000000000000000e+00,6.100000000000000000e+01,5.096388000000000140e+00,9.322999999999999690e-03,1.056570000000000009e-01,0.000000000000000000e+00
1.000000000000000000e+00,6.500000000000000000e+01,2.640018399999999943e+01,6.734350000000000058e-01,9.948500000000000398e-02,0.000000000000000000e+00
1.000000000000000000e+00,6.300000000000000000e+01,5.366467000000000098e+00,5.151100000000000123e-02,1.123870000000000008e-01,0.000000000000000000e+00
1.000000000000000000e+00,1.200000000000000000e+01,2.428303000000000011e+01,3.631000000000000200e-02,8.981999999999999706e-02,0.000000000000000000e+00
1.000000000000000000e+00,6.800000000000000000e+01,3.200601499999999788e+01,1.100924099999999939e+01,1.065770000000000051e-01,1.000000000000000000e+00
1.000000000000000000e+00,4.600000000000000000e+01,7.365465999999999624e+00,7.643119999999999914e-01,8.543199999999999406e-02,0.000000000000000000e+00
1.000000000000000000e+00,8.000000000000000000e+00,1.426399900000000009e+01,2.995799999999999852e-02,1.198309999999999931e-01,0.000000000000000000e+00
1.000000000000000000e+00,3.900000000000000000e+01,4.028285799999999739e+01,5.457218000000000124e+00,1.110300000000000037e-01,0.000000000000000000e+00
1.000000000000000000e+00,1.050000000000000000e+02,5.016613999999999685e+00,2.169760000000000022e-01,1.123350000000000043e-01,0.000000000000000000e+00
1.000000000000000000e+00,5.000000000000000000e+01,5.503341700000000003e+01,1.388255000000000017e+00,1.036239999999999939e-01,0.000000000000000000e+00
1.000000000000000000e+00,6.000000000000000000e+01,6.096383000000000330e+00,1.850699999999999915e-02,1.295459999999999945e-01,0.000000000000000000e+00
1.000000000000000000e+00,7.100000000000000000e+01,5.897929999999999673e+00,1.380840000000000123e-01,9.522999999999999521e-02,0.000000000000000000e+00
1.000000000000000000e+00,2.000000000000000000e+01,2.327079000000000164e+01,2.931486000000000036e+00,1.018659999999999982e-01,1.000000000000000000e+00
0.000000000000000000e+00,5.300000000000000000e+01,4.772917999999999772e+00,7.352340000000000542e-01,1.357589999999999908e-01,0.000000000000000000e+00
1.000000000000000000e+00,7.400000000000000000e+01,3.997985500000000059e+01,3.377410000000000134e-01,1.202909999999999952e-01,0.000000000000000000e+00
1.000000000000000000e+00,6.700000000000000000e+01,8.620300999999999547e+00,9.503770000000000273e-01,9.731900000000000273e-02,0.000000000000000000e+00
1.000000000000000000e+00,6.200000000000000000e+01,1.929210399999999836e+01,1.326130000000000031e+00,1.002310000000000006e-01,0.000000000000000000e+00
1.000000000000000000e+00,2.900000000000000000e+01,2.145502000000000020e+00,0.000000000000000000e+00,1.347559999999999869e-01,1.000000000000000000e+00
1.000000000000000000e+00,3.500000000000000000e+01,1.625615999999999950e+00,0.000000000000000000e+00,8.457000000000000628e-02,0.000000000000000000e+00
1.000000000000000000e+00,2.200000000000000000e+01,7.899576799999999821e+01,2.526426999999999978e+00,1.229129999999999945e-01,1.000000000000000000e+00
1.000000000000000000e+00,1.200000000000000000e+01,3.155867900000000148e+01,1.752501000000000086e+00,1.197750000000000065e-01,1.000000000000000000e+00
1.000000000000000000e+00,1.600000000000000000e+01,1.383296299999999945e+01,2.118199999999999944e-02,8.472899999999999876e-02,0.000000000000000000e+00
1.000000000000000000e+00,2.400000000000000000e+01,3.321597999999999828e+00,2.947440000000000060e-01,9.926599999999999313e-02,1.000000000000000000e+00
1.000000000000000000e+00,9.000000000000000000e+00,3.010961299999999952e+01,2.409499999999999975e-01,1.382670000000000010e-01,1.000000000000000000e+00
1.000000000000000000e+00,5.700000000000000000e+01,1.307066000000000017e+01,1.746459999999999957e-01,9.582400000000000639e-02,0.000000000000000000e+00
1.000000000000000000e+00,8.000000000000000000e+01,7.513072000000000195e+00,1.230880000000000030e-01,9.468300000000000327e-02,0.000000000000000000e+00
1.000000000000000000e+00,4.000000000000000000e+00,8.556381999999999266e+00,1.467000000000000075e-02,9.486400000000000388e-02,0.000000000000000000e+00
1.000000000000000000e+00,1.700000000000000000e+01,3.347280000000000033e+00,1.220899999999999937e-02,1.180199999999999999e-01,0.000000000000000000e+00
1.000000000000000000e+00,1.800000000000000000e+01,2.262292400000000114e+01,2.908021000000000189e+00,1.032249999999999973e-01,0.000000000000000000e+00
1.000000000000000000e+00,7.100000000000000000e+01,4.805316000000000365e+00,1.707300000000000137e-02,8.381399999999999961e-02,1.000000000000000000e+00
1.000000000000000000e+00,5.800000000000000000e+01,2.536601299999999881e+01,2.422060000000000046e-01,1.140710000000000057e-01,0.000000000000000000e+00
1.000000000000000000e+00,5.300000000000000000e+01,9.479187400000000707e+01,1.713900500000000093e+01,9.858899999999999608e-02,0.000000000000000000e+00
1.000000000000000000e+00,1.800000000000000000e+01,8.601921400000000517e+01,5.094865000000000421e+00,1.064200000000000007e-01,1.000000000000000000e+00
1.000000000000000000e+00,1.700000000000000000e+01,7.365337000000000245e+00,5.714000000000000329e-03,1.238029999999999964e-01,0.000000000000000000e+00
1.000000000000000000e+00,3.700000000000000000e+01,2.483295999999999992e+01,1.932380999999999904e+00,1.021930000000000061e-01,0.000000000000000000e+00
1.000000000000000000e+00,8.000000000000000000e+00,1.538757500000000000e+01,4.107419999999999960e-01,1.230190000000000033e-01,0.000000000000000000e+00
1.000000000000000000e+00,4.000000000000000000e+01,4.490232900000000171e+01,9.802220000000000377e-01,1.346630000000000049e-01,0.000000000000000000e+00
1.000000000000000000e+00,2.000000000000000000e+01,7.402764999999999418e+01,6.803702999999999612e+00,1.085480000000000056e-01,0.000000000000000000e+00
1.000000000000000000e+00,8.000000000000000000e+00,7.232969999999999677e-01,1.335899999999999935e-02,9.446799999999999642e-02,0.000000000000000000e+00
1.000000000000000000e+00,2.400000000000000000e+01,1.478598099999999960e+01,4.015360000000000040e-01,7.599400000000000599e-02,1.000000000000000000e+00
1.000000000000000000e+00,2.100000000000000000e+01,2.993566099999999963e+01,2.293432999999999833e+00,1.303439999999999876e-01,1.000000000000000000e+00
1.000000000000000000e+00,6.400000000000000000e+01,1.784501799999999960e+01,7.247179999999999733e-01,9.251700000000000201e-02,0.000000000000000000e+00
1.000000000000000000e+00,9.100000000000000000e+01,5.382893000000000150e+00,1.460801999999999934e+00,2.191990000000000050e-01,0.000000000000000000e+00
1.000000000000000000e+00,4.400000000000000000e+01,2.257145399999999924e+01,1.310235000000000039e+00,8.645700000000000607e-02,1.000000000000000000e+00
1.000000000000000000e+00,1.600000000000000000e+01,1.704511300000000062e+01,7.458700000000000052e-02,1.020670000000000049e-01,1.000000000000000000e+00
1.000000000000000000e+00,2.100000000000000000e+01,6.521900000000000475e-01,1.743669999999999942e-01,8.381199999999999761e-02,0.000000000000000000e+00
0.000000000000000000e+00,2.900000000000000000e+01,2.938597999999999821e+00,0.000000000000000000e+00,1.285640000000000116e-01,0.000000000000000000e+00
1.000000000000000000e+00,2.000000000000000000e+01,4.996579100000000295e+01,5.885352000000000139e+00,9.366299999999999626e-02,1.000000000000000000e+00
1.000000000000000000e+00,7.200000000000000000e+01,1.377439599999999942e+01,3.762478999999999907e+00,8.889400000000000079e-02,0.000000000000000000e+00
1.000000000000000000e+00,7.100000000000000000e+01,1.348245200000000033e+01,4.745670000000000166e-01,1.059869999999999979e-01,0.000000000000000000e+00
1.000000000000000000e+00,1.900000000000000000e+01,2.200051900000000060e+01,3.664789999999999992e-01,9.039200000000000013e-02,1.000000000000000000e+00
1.000000000000000000e+00,1.600000000000000000e+01,4.496099900000000105e+01,1.097232999999999903e+00,7.963800000000000046e-02,1.000000000000000000e+00
0.000000000000000000e+00,7.000000000000000000e+00,1.157448600000000027e+01,0.000000000000000000e+00,8.570700000000000540e-02,0.000000000000000000e+00
1.000000000000000000e+00,5.100000000000000000e+01,1.294818800000000003e+01,1.930288999999999922e+00,1.155400000000000038e-01,0.000000000000000000e+00
1.000000000000000000e+00,1.400000000000000000e+01,1.039730800000000066e+01,1.325400000000000016e-02,8.054400000000000448e-02,1.000000000000000000e+00
1.000000000000000000e+00,4.900000000000000000e+01,2.129889400000000066e+01,4.266389999999999905e-01,9.710399999999999587e-02,1.000000000000000000e+00
1.000000000000000000e+00,1.900000000000000000e+01,3.607966499999999854e+01,3.450104000000000060e+00,1.301529999999999909e-01,0.000000000000000000e+00
1.000000000000000000e+00,6.500000000000000000e+01,2.488493199999999916e+01,1.173894999999999911e+00,9.611999999999999711e-02,1.000000000000000000e+00
1.000000000000000000e+00,4.600000000000000000e+01,5.961539599999999695e+01,6.031329000000000384e+00,1.033530000000000004e-01,1.000000000000000000e+00
1.000000000000000000e+00,6.600000000000000000e+01,9.526313000000000031e+00,2.456820000000000115e-01,7.984700000000000131e-02,0.000000000000000000e+00
1.000000000000000000e+00,6.500000000000000000e+01,8.304289000000000698e+00,1.314481999999999928e+00,1.090210000000000068e-01,0.000000000000000000e+00
1.000000000000000000e+00,9.600000000000000000e+01,1.396367300000000000e+01,3.787402999999999853e+00,1.018690000000000012e-01,0.000000000000000000e+00
0.000000000000000000e+00,4.900000000000000000e+01,7.226372700000000293e+01,8.511974999999999625e+00,1.262389999999999901e-01,1.000000000000000000e+00
0.000000000000000000e+00,8.100000000000000000e+01,7.997995999999999661e+00,1.336362000000000050e+00,1.039910000000000001e-01,0.000000000000000000e+00
1.000000000000000000e+00,1.300000000000000000e+01,1.023713700000000060e+01,4.479319999999999968e-01,1.010140000000000066e-01,1.000000000000000000e+00
1.000000000000000000e+00,1.020000000000000000e+02,5.515362900000000224e+01,9.321768999999999750e+00,1.231180000000000052e-01,0.000000000000000000e+00
1.000000000000000000e+00,5.800000000000000000e+01,4.847199799999999925e+01,9.198188000000000031e+00,9.653100000000000569e-02,1.000000000000000000e+00
1.000000000000000000e+00,4.000000000000000000e+01,1.160130700000000026e+01,1.044187999999999894e+00,9.501800000000000523e-02,1.000000000000000000e+00
0.000000000000000000e+00,3.500000000000000000e+01,2.212989599999999868e+01,6.817699999999999871e-01,9.827299999999999924e-02,0.000000000000000000e+00
1.000000000000000000e+00,2.600000000000000000e+01,3.133441399999999888e+01,2.649827999999999850e+00,1.175960000000000061e-01,1.000000000000000000e+00
0.000000000000000000e+00,6.900000000000000000e+01,4.758572000000000024e+00,5.374299999999999911e-02,9.980899999999999495e-02,0.000000000000000000e+00
1.000000000000000000e+00,7.100000000000000000e+01,1.362605499999999914e+01,8.327400000000000080e-02,1.279949999999999977e-01,0.000000000000000000e+00
1.000000000000000000e+00,2.200000000000000000e+01,2.897595600000000005e+01,1.105663000000000062e+00,8.175699999999999634e-02,1.000000000000000000e+00
0.000000000000000000e+00,9.100000000000000000e+01,8.820149999999999935e-01,0.000000000000000000e+00,1.238179999999999975e-01,0.000000000000000000e+00
1.000000000000000000e+00,1.900000000000000000e+01,4.347836000000000212e+01,2.712169999999999859e-01,9.040600000000000025e-02,0.000000000000000000e+00
1.000000000000000000e+00,3.800000000000000000e+01,5.807533000000000278e+00,3.138999999999999863e-03,1.381249999999999978e-01,0.000000000000000000e+00
1.000000000000000000e+00,1.900000000000000000e+01,9.422000000000000597e+00,2.772900000000000018e-02,9.804300000000000515e-02,1.000000000000000000e+00
1.000000000000000000e+00,1.900000000000000000e+01,4.407785499999999956e+01,1.765179000000000054e+00,9.393600000000000561e-02,1.000000000000000000e+00
0.000000000000000000e+00,6.300000000000000000e+01,1.437598999999999982e+01,2.007277999999999896e+00,1.525100000000000067e-01,0.000000000000000000e+00
1.000000000000000000e+00,1.900000000000000000e+01,1.378353300000000026e+01,1.299765000000000059e+00,1.013720000000000038e-01,1.000000000000000000e+00
1.000000000000000000e+00,5.000000000000000000e+00,2.164491100000000046e+01,1.330600999999999923e+00,1.028239999999999987e-01,0.000000000000000000e+00
1.000000000000000000e+00,4.200000000000000000e+01,2.365477900000000133e+01,5.937160999999999689e+00,9.902099999999999791e-02,0.000000000000000000e+00
1.000000000000000000e+00,5.800000000000000000e+01,1.684824000000000099e+00,2.981309999999999794e-01,8.714600000000000124e-02,1.000000000000000000e+00
0.000000000000000000e+00,1.900000000000000000e+01,1.503452700000000064e+01,5.670830000000000037e-01,9.574100000000000665e-02,1.000000000000000000e+00
1.000000000000000000e+00,4.100000000000000000e+01,2.386674999999999880e+00,0.000000000000000000e+00,9.365600000000000314e-02,0.000000000000000000e+00
1.000000000000000000e+00,3.600000000000000000e+01,2.443299999999999986e-02,0.000000000000000000e+00,1.023130000000000012e-01,1.000000000000000000e+00
1.000000000000000000e+00,1.300000000000000000e+01,2.718962099999999893e+01,7.593500000000000250e-02,1.429940000000000100e-01,0.000000000000000000e+00
1.000000000000000000e+00,5.100000000000000000e+01,9.536417999999999395e+00,5.168030000000000124e-01,1.237420000000000048e-01,1.000000000000000000e+00
1.000000000000000000e+00,7.000000000000000000e+01,3.216670799999999986e+01,3.378665999999999947e+00,1.013440000000000035e-01,0.000000000000000000e+00
1.000000000000000000e+00,7.200000000000000000e+01,1.275354800000000033e+01,2.048639999999999906e-01,1.223069999999999991e-01,0.000000000000000000e+00
1.000000000000000000e+00,2.200000000000000000e+01,2.519937000000000094e+00,0.000000000000000000e+00,1.740539999999999865e-01,1.000000000000000000e+00
1.000000000000000000e+00,1.140000000000000000e+02,1.318840699999999977e+01,1.733520000000000061e-01,9.732000000000000373e-02,0.000000000000000000e+00
1.000000000000000000e+00,2.700000000000000000e+01,6.045243500000000125e+01,6.533050000000000246e+00,9.412700000000000233e-02,0.000000000000000000e+00
1.000000000000000000e+00,9.800000000000000000e+01,1.128891800000000067e+01,5.111600000000000171e-02,9.138899999999999801e-02,0.000000000000000000e+00
1.000000000000000000e+00,7.300000000000000000e+01,8.166541999999999746e+00,1.531999999999999942e-03,1.363640000000000130e-01,0.000000000000000000e+00
1.000000000000000000e+00,1.200000000000000000e+01,4.992340999999999696e+00,9.813999999999999807e-03,1.050090000000000051e-01,0.000000000000000000e+00
1.000000000000000000e+00,3.000000000000000000e+01,4.320717799999999897e+01,1.553071000000000090e+00,9.159399999999999487e-02,1.000000000000000000e+00
1.000000000000000000e+00,1.600000000000000000e+01,1.391902800000000084e+01,1.196825999999999945e+00,9.372700000000000475e-02,0.000000000000000000e+00
0.000000000000000000e+00,5.200000000000000000e+01,2.455417500000000075e+01,2.296425999999999856e+00,9.611000000000000099e-02,0.000000000000000000e+00
1.000000000000000000e+00,4.800000000000000000e+01,3.893714000000000119e+00,0.000000000000000000e+00,1.027489999999999931e-01,1.000000000000000000e+00
1.000000000000000000e+00,4.800000000000000000e+01,6.074004999999999654e+00,7.668999999999999602e-03,1.165719999999999951e-01,0.000000000000000000e+00
1.000000000000000000e+00,1.410000000000000000e+02,4.414060800000000029e+01,8.016500000000000625e+00,9.669400000000000217e-02,0.000000000000000000e+00
1.000000000000000000e+00,6.600000000000000000e+01,4.859354400000000140e+01,6.437185999999999630e+00,8.526100000000000345e-02,1.000000000000000000e+00
1.000000000000000000e+00,8.900000000000000000e+01,6.756794000000000189e+00,2.655733000000000121e+00,1.057939999999999992e-01,0.000000000000000000e+00
1.000000000000000000e+00,1.700000000000000000e+01,3.273264600000000257e+01,1.204026999999999958e+00,8.740499999999999658e-02,0.000000000000000000e+00
1.000000000000000000e+00,9.200000000000000000e+01,1.181839199999999934e+01,1.369579999999999964e-01,1.077199999999999963e-01,0.000000000000000000e+00
1.000000000000000000e+00,9.000000000000000000e+01,1.674890699999999910e+01,3.334121000000000112e+00,9.396300000000000485e-02,0.000000000000000000e+00
1.000000000000000000e+00,6.400000000000000000e+01,1.394061100000000053e+01,3.114499999999999907e-02,1.463830000000000131e-01,0.000000000000000000e+00
1.000000000000000000e+00,6.400000000000000000e+01,6.009475900000000337e+01,4.482978000000000129e+00,1.163079999999999947e-01,1.000000000000000000e+00
1.000000000000000000e+00,6.900000000000000000e+01,1.502736699999999992e+01,9.454719000000000761e+00,1.145380000000000009e-01,0.000000000000000000e+00
1.000000000000000000e+00,1.000000000000000000e+02,2.495925799999999839e+01,8.590640000000000498e-01,1.020979999999999943e-01,1.000000000000000000e+00
1.000000000000000000e+00,6.200000000000000000e+01,9.311750999999999223e+00,1.261500000000000121e-01,1.012320000000000025e-01,0.000000000000000000e+00
1.000000000000000000e+00,2.300000000000000000e+01,4.452003599999999750e+01,3.154602999999999824e+00,1.206109999999999960e-01,0.000000000000000000e+00
0.000000000000000000e+00,7.500000000000000000e+01,7.338871000000000144e+00,9.436600000000000543e-02,9.591299999999999826e-02,0.000000000000000000e+00
1.000000000000000000e+00,5.000000000000000000e+01,6.997307899999999847e+01,4.810737999999999737e+00,7.719900000000000373e-02,1.000000000000000000e+00
1.000000000000000000e+00,6.000000000000000000e+00,5.278900000000000148e+00,1.484820000000000029e-01,1.048720000000000069e-01,0.000000000000000000e+00
0.000000000000000000e+00,2.500000000000000000e+01,7.388796000000000141e+00,0.000000000000000000e+00,9.303799999999999570e-02,1.000000000000000000e+00
1.000000000000000000e+00,6.000000000000000000e+01,1.449222400000000022e+01,7.542300000000000393e-02,8.170800000000000285e-02,0.000000000000000000e+00
1.000000000000000000e+00,3.000000000000000000e+01,5.193938000000000166e+00,0.000000000000000000e+00,1.448949999999999960e-01,1.000000000000000000e+00
1.000000000000000000e+00,2.000000000000000000e+01,3.048102899999999948e+01,9.649720000000000519e-01,1.340520000000000045e-01,1.000000000000000000e+00
1.000000000000000000e+00,6.400000000000000000e+01,7.917911000000000143e+00,3.193300000000000305e-02,1.140469999999999956e-01,0.000000000000000000e+00
1.000000000000000000e+00,1.000000000000000000e+01,1.449926299999999912e+01,1.171200000000000019e-02,9.662300000000000055e-02,0.000000000000000000e+00
1.000000000000000000e+00,7.000000000000000000e+01,3.216670799999999986e+01,3.378665999999999947e+00,1.013440000000000035e-01,0.000000000000000000e+00
1.000000000000000000e+00,2.400000000000000000e+01,6.129621999999999815e+01,9.673156999999999783e+00,1.049059999999999993e-01,1.000000000000000000e+00
1.000000000000000000e+00,2.600000000000000000e+01,3.856526000000000121e+00,2.298299999999999996e-02,1.225750000000000034e-01,1.000000000000000000e+00
0.000000000000000000e+00,1.900000000000000000e+01,2.028742499999999893e+01,1.772875999999999896e+00,1.164889999999999953e-01,0.000000000000000000e+00
1.000000000000000000e+00,2.800000000000000000e+01,1.254203519999999941e+02,1.522295899999999946e+01,9.347800000000000553e-02,1.000000000000000000e+00
1.000000000000000000e+00,7.000000000000000000e+00,1.692423199999999994e+01,1.849419999999999953e-01,1.101339999999999958e-01,1.000000000000000000e+00
0.000000000000000000e+00,5.700000000000000000e+01,4.640934999999999810e+00,5.206229999999999469e-01,9.549900000000000055e-02,0.000000000000000000e+00
1.000000000000000000e+00,4.400000000000000000e+01,7.096899999999999409e+01,5.449272999999999811e+00,8.173900000000000610e-02,1.000000000000000000e+00
1.000000000000000000e+00,4.600000000000000000e+01,5.201267399999999697e+01,6.071521999999999863e+00,1.165380000000000027e-01,1.000000000000000000e+00
1.000000000000000000e+00,4.500000000000000000e+01,4.276394599999999713e+01,5.203060000000000462e-01,9.023799999999999877e-02,0.000000000000000000e+00
1.000000000000000000e+00,8.900000000000000000e+01,1.740430900000000136e+01,6.362999999999999733e-03,1.033980000000000038e-01,0.000000000000000000e+00
1.000000000000000000e+00,8.900000000000000000e+01,6.122027000000000108e+00,7.481119999999999992e-01,1.036080000000000056e-01,0.000000000000000000e+00
1.000000000000000000e+00,7.000000000000000000e+01,3.342554999999999943e+00,5.800899999999999807e-02,1.191529999999999950e-01,0.000000000000000000e+00
1.000000000000000000e+00,5.700000000000000000e+01,7.875175999999999732e+00,4.271499999999999742e-01,1.322889999999999899e-01,0.000000000000000000e+00
1.000000000000000000e+00,2.400000000000000000e+01,4.411560099999999807e+01,4.756853999999999694e+00,9.705900000000000638e-02,1.000000000000000000e+00
1.000000000000000000e+00,3.900000000000000000e+01,3.958947000000000216e+00,3.366299999999999848e-02,1.183300000000000046e-01,0.000000000000000000e+00
1.000000000000000000e+00,3.100000000000000000e+01,2.837116899999999831e+01,2.580614000000000186e+00,1.049279999999999935e-01,1.000000000000000000e+00
1.000000000000000000e+00,4.000000000000000000e+01,8.993918999999999997e+00,5.446229999999999682e-01,1.079070000000000029e-01,0.000000000000000000e+00
1.000000000000000000e+00,8.500000000000000000e+01,3.530593700000000013e+01,2.305012000000000061e+00,1.016620000000000024e-01,1.000000000000000000e+00
1.000000000000000000e+00,1.800000000000000000e+01,3.999510800000000188e+01,2.081170000000000186e+00,9.366299999999999626e-02,0.000000000000000000e+00
0.000000000000000000e+00,1.800000000000000000e+01,2.061371799999999865e+01,2.423283000000000076e+00,1.489679999999999893e-01,1.000000000000000000e+00
1.000000000000000000e+00,5.000000000000000000e+01,2.737372999999999834e+00,6.469900000000000651e-02,1.001289999999999958e-01,1.000000000000000000e+00
1.000000000000000000e+00,9.100000000000000000e+01,2.140457699999999974e+01,4.496891999999999889e+00,1.004540000000000016e-01,0.000000000000000000e+00
1.000000000000000000e+00,3.100000000000000000e+01,7.016512699999999825e+01,7.614333000000000240e+00,1.057260000000000005e-01,1.000000000000000000e+00
1.000000000000000000e+00,5.200000000000000000e+01,3.374966000000000133e+00,3.909800000000000081e-02,8.758000000000000507e-02,1.000000000000000000e+00
1.000000000000000000e+00,5.000000000000000000e+00,2.038848999999999911e+00,0.000000000000000000e+00,1.064210000000000017e-01,0.000000000000000000e+00
1.000000000000000000e+00,1.600000000000000000e+01,3.070436600000000027e+01,1.533938999999999941e+00,1.013079999999999953e-01,1.000000000000000000e+00
1.000000000000000000e+00,4.200000000000000000e+01,2.765198499999999981e+01,2.912253999999999898e+00,1.143880000000000036e-01,1.000000000000000000e+00
1.000000000000000000e+00,4.000000000000000000e+00,8.963587999999999667e+00,2.443299999999999916e-01,1.024940000000000018e-01,1.000000000000000000e+00
1.000000000000000000e+00,6.600000000000000000e+01,4.009014999999999773e+00,1.292729999999999990e-01,9.656499999999999806e-02,0.000000000000000000e+00
1.000000000000000000e+00,4.100000000000000000e+01,2.400811200000000056e+01,1.537664599999999915e+01,1.286569999999999936e-01,0.000000000000000000e+00
1.000000000000000000e+00,1.000000000000000000e+01,7.695839999999999570e+00,3.333568999999999782e+00,9.305399999999999783e-02,0.000000000000000000e+00
1.000000000000000000e+00,5.200000000000000000e+01,7.656689000000000078e+00,8.281700000000000172e-02,1.421959999999999891e-01,0.000000000000000000e+00
1.000000000000000000e+00,4.500000000000000000e+01,5.815006400000000042e+01,4.703960999999999615e+00,9.211300000000000043e-02,0.000000000000000000e+00
1.000000000000000000e+00,6.700000000000000000e+01,2.618709199999999981e+01,2.592154999999999987e+00,1.296849999999999947e-01,0.000000000000000000e+00
1.000000000000000000e+00,2.900000000000000000e+01,1.538103399999999965e+01,4.477459999999999773e-01,1.101680000000000020e-01,1.000000000000000000e+00
1.000000000000000000e+00,2.300000000000000000e+01,1.102491200000000049e+01,1.083752000000000049e+00,9.786000000000000254e-02,0.000000000000000000e+00
1.000000000000000000e+00,4.700000000000000000e+01,2.443738799999999856e+01,2.663419999999999899e+00,1.128399999999999959e-01,1.000000000000000000e+00
1.000000000000000000e+00,2.100000000000000000e+01,4.659917500000000246e+01,1.320619999999999905e+00,1.289420000000000011e-01,1.000000000000000000e+00
1.000000000000000000e+00,5.600000000000000000e+01,5.535948299999999733e+01,7.775036000000000058e+00,1.061860000000000026e-01,0.000000000000000000e+00
1.000000000000000000e+00,1.600000000000000000e+01,5.012089900000000142e+01,7.717725999999999864e+00,1.226509999999999961e-01,0.000000000000000000e+00
1.000000000000000000e+00,2.700000000000000000e+01,2.187814699999999846e+01,7.475570000000000270e-01,1.147660000000000069e-01,1.000000000000000000e+00
0.000000000000000000e+00,5.600000000000000000e+01,7.694015000000000271e+00,0.000000000000000000e+00,1.356860000000000011e-01,0.000000000000000000e+00
0.000000000000000000e+00,4.300000000000000000e+01,8.723542000000000129e+00,2.785100000000000076e-02,1.253289999999999960e-01,0.000000000000000000e+00
1.000000000000000000e+00,6.100000000000000000e+01,1.929210399999999836e+01,1.326130000000000031e+00,1.002310000000000006e-01,0.000000000000000000e+00
1.000000000000000000e+00,7.500000000000000000e+01,2.711029500000000070e+01,5.879959000000000380e+00,1.509230000000000016e-01,0.000000000000000000e+00
1.000000000000000000e+00,1.900000000000000000e+01,1.125348800000000082e+01,2.622510000000000119e-01,1.039289999999999936e-01,0.000000000000000000e+00
1.000000000000000000e+00,3.500000000000000000e+01,1.625615999999999950e+00,0.000000000000000000e+00,8.457000000000000628e-02,0.000000000000000000e+00
1.000000000000000000e+00,2.800000000000000000e+01,3.087603999999999793e+00,2.019100000000000061e-02,1.366749999999999909e-01,0.000000000000000000e+00
1.000000000000000000e+00,5.900000000000000000e+01,1.449222400000000022e+01,7.542300000000000393e-02,8.170800000000000285e-02,0.000000000000000000e+00
1.000000000000000000e+00,2.900000000000000000e+01,4.643798600000000221e+01,4.696562000000000126e+00,1.216829999999999995e-01,1.000000000000000000e+00
1.000000000000000000e+00,4.300000000000000000e+01,4.331220000000000070e+00,1.069100000000000085e-02,9.163399999999999324e-02,0.000000000000000000e+00
1.000000000000000000e+00,4.800000000000000000e+01,4.473371000000000208e+00,0.000000000000000000e+00,1.006819999999999937e-01,0.000000000000000000e+00
1.000000000000000000e+00,1.600000000000000000e+01,4.802290899999999851e+01,4.173555000000000348e+00,9.908400000000000540e-02,0.000000000000000000e+00
1.000000000000000000e+00,8.000000000000000000e+00,1.477781999999999929e+00,0.000000000000000000e+00,1.104689999999999978e-01,0.000000000000000000e+00
0.000000000000000000e+00,1.800000000000000000e+01,7.509190000000000031e-01,0.000000000000000000e+00,1.272480000000000000e-01,0.000000000000000000e+00
1.000000000000000000e+00,1.500000000000000000e+01,2.988841999999999999e+01,1.352897999999999934e+00,7.765900000000000580e-02,1.000000000000000000e+00
1.000000000000000000e+00,7.600000000000000000e+01,1.866291199999999861e+01,2.175708000000000197e+00,9.946099999999999386e-02,0.000000000000000000e+00
1.000000000000000000e+00,8.900000000000000000e+01,7.133283999999999736e+00,1.022523999999999988e+00,1.097189999999999971e-01,0.000000000000000000e+00
1.000000000000000000e+00,3.600000000000000000e+01,5.693150000000000155e+00,0.000000000000000000e+00,1.108859999999999985e-01,0.000000000000000000e+00
1.000000000000000000e+00,2.100000000000000000e+01,1.001631199999999922e+01,3.438299999999999690e-02,9.037900000000000100e-02,1.000000000000000000e+00
1.000000000000000000e+00,8.500000000000000000e+01,3.853475300000000203e+01,3.289318000000000186e+00,9.704200000000000326e-02,1.000000000000000000e+00
1.000000000000000000e+00,1.700000000000000000e+01,1.893744399999999928e+01,2.657776999999999834e+00,8.796400000000000052e-02,1.000000000000000000e+00
1.000000000000000000e+00,4.700000000000000000e+01,1.021418300000000023e+01,1.085500000000000007e-02,1.085460000000000036e-01,0.000000000000000000e+00
1.000000000000000000e+00,2.600000000000000000e+01,1.916965999999999948e+00,3.083999999999999936e-03,1.480519999999999892e-01,0.000000000000000000e+00
1.000000000000000000e+00,1.200000000000000000e+01,3.919060799999999745e+01,7.795889999999999764e-01,1.177499999999999936e-01,0.000000000000000000e+00
1.000000000000000000e+00,1.200000000000000000e+01,1.193326199999999915e+01,1.131739999999999968e-01,1.284679999999999989e-01,0.000000000000000000e+00
1.000000000000000000e+00,1.800000000000000000e+01,2.105622299999999925e+01,4.091810000000000169e-01,8.723699999999999510e-02,0.000000000000000000e+00
1.000000000000000000e+00,3.400000000000000000e+01,9.394090999999999525e+00,0.000000000000000000e+00,1.091280000000000028e-01,0.000000000000000000e+00
1.000000000000000000e+00,7.400000000000000000e+01,1.689902400000000071e+01,5.724800000000000028e-02,9.283500000000000085e-02,0.000000000000000000e+00
1.000000000000000000e+00,4.400000000000000000e+01,2.576045200000000079e+01,3.259839999999999960e-01,9.382899999999999574e-02,1.000000000000000000e+00
1.000000000000000000e+00,6.700000000000000000e+01,7.668930999999999720e+00,2.664219999999999922e-01,1.332109999999999961e-01,0.000000000000000000e+00
1.000000000000000000e+00,3.700000000000000000e+01,1.270972599999999986e+01,1.854310000000000125e-01,8.808000000000000551e-02,0.000000000000000000e+00
1.000000000000000000e+00,4.600000000000000000e+01,6.927765599999999324e+01,8.046862000000000847e+00,1.165619999999999989e-01,0.000000000000000000e+00
1.000000000000000000e+00,5.100000000000000000e+01,1.456762400000000035e+01,1.607059999999999877e-01,1.117289999999999950e-01,0.000000000000000000e+00
1.000000000000000000e+00,2.000000000000000000e+01,1.625500600000000162e+01,6.967099999999999682e-02,9.714699999999999724e-02,1.000000000000000000e+00
1.000000000000000000e+00,1.500000000000000000e+01,8.265895000000000437e+00,3.224699999999999789e-02,9.967199999999999671e-02,1.000000000000000000e+00
1.000000000000000000e+00,6.000000000000000000e+01,1.384721000000000091e+00,0.000000000000000000e+00,9.924099999999999588e-02,0.000000000000000000e+00
1.000000000000000000e+00,3.000000000000000000e+01,3.435671399999999664e+01,1.530208999999999930e+00,7.346500000000000252e-02,1.000000000000000000e+00
1.000000000000000000e+00,2.600000000000000000e+01,1.710646399999999900e+01,7.806147000000000169e+00,9.218300000000000105e-02,0.000000000000000000e+00
1.000000000000000000e+00,7.400000000000000000e+01,7.133839299999999639e+01,4.578731000000000328e+00,1.066249999999999976e-01,1.000000000000000000e+00
1.000000000000000000e+00,7.600000000000000000e+01,6.911381999999999692e+00,2.262520000000000087e-01,1.146550000000000069e-01,0.000000000000000000e+00
1.000000000000000000e+00,2.600000000000000000e+01,3.428441800000000228e+01,2.665167999999999981e+00,8.939300000000000024e-02,0.000000000000000000e+00
1.000000000000000000e+00,4.300000000000000000e+01,9.669271999999999423e+00,2.747569999999999735e-01,9.934700000000000475e-02,0.000000000000000000e+00
1.000000000000000000e+00,4.900000000000000000e+01,1.541602400000000017e+01,1.837840000000000029e-01,8.721900000000000486e-02,0.000000000000000000e+00
1.000000000000000000e+00,5.000000000000000000e+01,2.774322599999999994e+01,4.051579000000000264e+00,9.934900000000000675e-02,0.000000000000000000e+00
1.000000000000000000e+00,7.600000000000000000e+01,7.519909000000000177e+00,1.011468000000000034e+00,9.530500000000000083e-02,0.000000000000000000e+00
1.000000000000000000e+00,1.400000000000000000e+01,1.465985099999999974e+01,2.129000000000000059e-01,7.715199999999999836e-02,0.000000000000000000e+00
1.000000000000000000e+00,5.200000000000000000e+01,8.403759999999999764e+01,1.068786999999999932e+00,1.115260000000000001e-01,0.000000000000000000e+00
1.000000000000000000e+00,1.600000000000000000e+01,9.922103099999999642e+01,2.357988000000000195e+00,9.929399999999999338e-02,1.000000000000000000e+00
1.000000000000000000e+00,7.900000000000000000e+01,1.544722800000000085e+01,3.547889000000000070e+00,1.056750000000000050e-01,0.000000000000000000e+00
1.000000000000000000e+00,9.000000000000000000e+01,1.358585899999999924e+01,4.914234999999999687e+00,1.323910000000000087e-01,0.000000000000000000e+00
1.000000000000000000e+00,2.100000000000000000e+01,5.579172999999999938e+00,1.110241999999999951e+00,1.097810000000000036e-01,0.000000000000000000e+00
1.000000000000000000e+00,8.400000000000000000e+01,4.011276999999999759e+00,2.099100000000000132e-01,1.486230000000000051e-01,0.000000000000000000e+00
1.000000000000000000e+00,4.000000000000000000e+01,3.651212000000000124e+00,1.149140000000000023e-01,1.103179999999999994e-01,0.000000000000000000e+00
1.000000000000000000e+00,3.800000000000000000e+01,8.630109400000000619e+01,2.430988000000000149e+00,1.443850000000000133e-01,1.000000000000000000e+00
1.000000000000000000e+00,6.000000000000000000e+00,7.402868899999999996e+01,3.261166999999999927e+00,1.023639999999999967e-01,1.000000000000000000e+00
1.000000000000000000e+00,3.700000000000000000e+01,7.130789900000000614e+01,4.739868999999999666e+00,1.095799999999999969e-01,1.000000000000000000e+00
1.000000000000000000e+00,8.900000000000000000e+01,1.389747700000000030e+01,3.953869999999999885e-01,8.838100000000000123e-02,0.000000000000000000e+00
1.000000000000000000e+00,1.700000000000000000e+01,3.517896600000000262e+01,1.009878000000000053e+00,1.166419999999999957e-01,0.000000000000000000e+00
1.000000000000000000e+00,5.200000000000000000e+01,3.268782699999999863e+01,1.426168000000000102e+00,1.064299999999999968e-01,0.000000000000000000e+00
1.000000000000000000e+00,7.100000000000000000e+01,2.765273799999999937e+01,8.628764000000000323e+00,1.326100000000000056e-01,1.000000000000000000e+00
0.000000000000000000e+00,6.700000000000000000e+01,6.774949999999999584e+00,4.790679999999999938e-01,1.004499999999999976e-01,0.000000000000000000e+00
0.000000000000000000e+00,2.500000000000000000e+01,2.554894000000000176e+01,2.643139999999999934e-01,1.186289999999999983e-01,1.000000000000000000e+00
1.000000000000000000e+00,3.000000000000000000e+01,2.684429599999999994e+01,2.408879000000000214e+00,9.387900000000000411e-02,0.000000000000000000e+00
1.000000000000000000e+00,8.400000000000000000e+01,1.210555999999999965e+00,3.107999999999999999e-02,9.634700000000000208e-02,0.000000000000000000e+00
1.000000000000000000e+00,3.500000000000000000e+01,4.522698000000000107e+00,0.000000000000000000e+00,9.902600000000000291e-02,0.000000000000000000e+00
1.000000000000000000e+00,3.300000000000000000e+01,1.554819499999999977e+01,6.176680000000000170e+00,9.229500000000000204e-02,1.000000000000000000e+00
1.000000000000000000e+00,4.100000000000000000e+01,7.036021300000000167e+01,9.220147000000000759e+00,1.093090000000000034e-01,1.000000000000000000e+00
1.000000000000000000e+00,2.600000000000000000e+01,1.441675099999999965e+01,2.518870000000000275e-01,1.153219999999999940e-01,0.000000000000000000e+00
1.000000000000000000e+00,8.500000000000000000e+01,1.732184700000000177e+01,1.229495999999999922e+00,1.073240000000000027e-01,0.000000000000000000e+00
1.000000000000000000e+00,2.400000000000000000e+01,4.347601399999999927e+01,3.687997000000000192e+00,1.116990000000000066e-01,0.000000000000000000e+00
1.000000000000000000e+00,9.000000000000000000e+00,1.169275000000000064e+00,1.263599999999999966e-02,1.010839999999999933e-01,1.000000000000000000e+00
1.000000000000000000e+00,3.300000000000000000e+01,8.477944300000000055e+01,7.438161000000000023e+00,1.394720000000000126e-01,0.000000000000000000e+00
1.000000000000000000e+00,1.700000000000000000e+01,2.114109799999999950e+01,1.906776999999999944e+00,8.983800000000000119e-02,1.000000000000000000e+00
1.000000000000000000e+00,3.600000000000000000e+01,7.212902800000000525e+01,2.452627000000000113e+00,8.630899999999999683e-02,1.000000000000000000e+00
1.000000000000000000e+00,6.400000000000000000e+01,3.428348000000000173e+00,3.567529999999999868e-01,1.215839999999999976e-01,0.000000000000000000e+00
1.000000000000000000e+00,1.050000000000000000e+02,1.813079899999999967e+01,6.896430000000000060e-01,1.151930000000000037e-01,0.000000000000000000e+00
1.000000000000000000e+00,7.400000000000000000e+01,1.848971799999999988e+01,9.232510000000000439e-01,9.572200000000000153e-02,0.000000000000000000e+00
0.000000000000000000e+00,4.000000000000000000e+00,2.192314299999999960e+01,6.620880000000000098e-01,9.694099999999999939e-02,1.000000000000000000e+00
0.000000000000000000e+00,2.500000000000000000e+01,2.173606799999999950e+01,2.079270000000000007e-01,9.478999999999999926e-02,0.000000000000000000e+00
1.000000000000000000e+00,2.400000000000000000e+01,2.665519799999999861e+01,7.371068000000000175e+00,1.063930000000000015e-01,0.000000000000000000e+00
0.000000000000000000e+00,2.500000000000000000e+01,3.733358400000000188e+01,1.371045000000000069e+00,1.310630000000000128e-01,0.000000000000000000e+00
1.000000000000000000e+00,7.700000000000000000e+01,3.806410300000000291e+01,2.221689000000000025e+00,1.021289999999999976e-01,0.000000000000000000e+00
1.000000000000000000e+00,1.100000000000000000e+01,1.427779499999999935e+01,1.005099999999999917e-02,1.336819999999999953e-01,0.000000000000000000e+00
0.000000000000000000e+00,1.800000000000000000e+01,3.799625300000000294e+01,7.167569999999999775e-01,1.282830000000000081e-01,0.000000000000000000e+00
1.000000000000000000e+00,3.600000000000000000e+01,4.601770000000000027e-01,0.000000000000000000e+00,1.158060000000000062e-01,0.000000000000000000e+00
0.000000000000000000e+00,7.500000000000000000e+01,1.065799600000000069e+01,2.159854999999999858e+00,8.741100000000000259e-02,0.000000000000000000e+00
1.000000000000000000e+00,4.200000000000000000e+01,1.096209800000000030e+02,4.227210000000000356e+00,9.325400000000000356e-02,1.000000000000000000e+00
1.000000000000000000e+00,5.800000000000000000e+01,5.667086000000000290e+00,4.779100000000000015e-02,9.866500000000000270e-02,0.000000000000000000e+00
0.000000000000000000e+00,3.600000000000000000e+01,8.736544000000000310e+00,4.994701000000000057e+00,1.139909999999999951e-01,0.000000000000000000e+00
1.000000000000000000e+00,1.000000000000000000e+01,6.938812999999999676e+00,1.680860000000000132e-01,1.338650000000000118e-01,1.000000000000000000e+00
1.000000000000000000e+00,3.700000000000000000e+01,5.139309500000000241e+01,2.014327999999999896e+00,1.069900000000000018e-01,1.000000000000000000e+00
1.000000000000000000e+00,3.100000000000000000e+01,5.563906599999999969e+01,1.829976000000000047e+00,1.219979999999999953e-01,1.000000000000000000e+00
1.000000000000000000e+00,9.000000000000000000e+01,4.762240000000000251e+00,3.188050000000000050e-01,1.022010000000000002e-01,0.000000000000000000e+00
1.000000000000000000e+00,5.500000000000000000e+01,1.209432600000000058e+01,1.441810000000000036e-01,1.043010000000000048e-01,0.000000000000000000e+00
1.000000000000000000e+00,5.200000000000000000e+01,2.928437999999999874e+00,0.000000000000000000e+00,1.031030000000000002e-01,0.000000000000000000e+00
1.000000000000000000e+00,3.000000000000000000e+00,2.178536799999999829e+01,3.307640000000000025e-01,1.085480000000000056e-01,0.000000000000000000e+00
1.000000000000000000e+00,2.000000000000000000e+00,2.403076799999999835e+01,0.000000000000000000e+00,1.217710000000000042e-01,0.000000000000000000e+00
1.000000000000000000e+00,4.600000000000000000e+01,4.206972799999999779e+01,6.557589999999999808e-01,1.195080000000000031e-01,0.000000000000000000e+00
1.000000000000000000e+00,1.800000000000000000e+01,6.394201999999999941e+00,1.242980000000000057e-01,9.067600000000000660e-02,0.000000000000000000e+00
0.000000000000000000e+00,1.200000000000000000e+01,1.263333599999999990e+01,7.895839999999999526e-01,8.715499999999999636e-02,0.000000000000000000e+00
1.000000000000000000e+00,6.000000000000000000e+01,2.209502300000000119e+01,4.423014000000000223e+00,1.280020000000000047e-01,0.000000000000000000e+00
1.000000000000000000e+00,2.600000000000000000e+01,2.719600000000000142e-02,0.000000000000000000e+00,9.820800000000000363e-02,0.000000000000000000e+00
1.000000000000000000e+00,5.500000000000000000e+01,8.982047400000000437e+01,4.892433999999999727e+00,9.180399999999999672e-02,0.000000000000000000e+00
1.000000000000000000e+00,8.000000000000000000e+00,1.275775699999999979e+01,7.204859999999999598e-01,9.160500000000000587e-02,1.000000000000000000e+00
1.000000000000000000e+00,2.300000000000000000e+01,1.154189299999999996e+01,1.083979999999999944e-01,8.495999999999999386e-02,1.000000000000000000e+00
0.000000000000000000e+00,2.100000000000000000e+01,7.134343400000000202e+01,5.622976000000000418e+00,9.674599999999999866e-02,1.000000000000000000e+00
1.000000000000000000e+00,3.100000000000000000e+01,1.461862999999999957e+01,3.074400000000000049e-02,1.152890000000000026e-01,0.000000000000000000e+00
1.000000000000000000e+00,2.900000000000000000e+01,1.683109999999999928e+01,1.388387999999999955e+00,1.043359999999999982e-01,0.000000000000000000e+00
0.000000000000000000e+00,5.300000000000000000e+01,5.225311999999999735e+00,8.410299999999999720e-02,1.043499999999999983e-01,0.000000000000000000e+00
1.000000000000000000e+00,3.400000000000000000e+01,8.437331999999999610e+00,1.077169999999999933e-01,1.169499999999999984e-01,0.000000000000000000e+00
1.000000000000000000e+00,7.500000000000000000e+01,4.396967000000000070e+00,0.000000000000000000e+00,1.239660000000000067e-01,0.000000000000000000e+00
1.000000000000000000e+00,9.000000000000000000e+00,6.464113000000000220e+00,5.905200000000000032e-02,9.570399999999999741e-02,1.000000000000000000e+00
1.000000000000000000e+00,1.200000000000000000e+01,2.253404799999999852e+01,1.396153999999999895e+00,9.428100000000000369e-02,1.000000000000000000e+00
1.000000000000000000e+00,3.900000000000000000e+01,1.395792900000000003e+01,1.422412000000000010e+00,9.146999999999999575e-02,1.000000000000000000e+00
1.000000000000000000e+00,7.100000000000000000e+01,7.067331000000000252e+00,6.088600000000000262e-02,6.240799999999999820e-02,0.000000000000000000e+00
1.000000000000000000e+00,8.800000000000000000e+01,3.280429300000000126e+01,1.550799000000000039e+00,9.314100000000000157e-02,0.000000000000000000e+00
1.000000000000000000e+00,1.700000000000000000e+01,2.443396699999999910e+01,2.701128999999999891e+00,1.135700000000000043e-01,0.000000000000000000e+00
1.000000000000000000e+00,7.000000000000000000e+01,8.967154999999999987e+00,1.682599999999999929e-01,9.107600000000000418e-02,0.000000000000000000e+00
1.000000000000000000e+00,2.000000000000000000e+01,4.553021000000000207e+00,0.000000000000000000e+00,1.293739999999999890e-01,1.000000000000000000e+00
1.000000000000000000e+00,5.200000000000000000e+01,7.368360000000000021e+00,0.000000000000000000e+00,1.177200000000000052e-01,0.000000000000000000e+00
1.000000000000000000e+00,1.600000000000000000e+01,4.283783799999999786e+01,6.349470000000000391e-01,1.079510000000000053e-01,1.000000000000000000e+00
1.000000000000000000e+00,1.100000000000000000e+01,3.410054199999999724e+01,2.809159999999999990e-01,1.000520000000000020e-01,0.000000000000000000e+00
1.000000000000000000e+00,3.300000000000000000e+01,6.177075500000000119e+01,6.820714999999999861e+00,1.010849999999999943e-01,1.000000000000000000e+00
0.000000000000000000e+00,5.600000000000000000e+01,7.864365000000000272e+00,3.356279999999999819e-01,1.022139999999999993e-01,0.000000000000000000e+00
1.000000000000000000e+00,1.200000000000000000e+01,1.807082600000000028e+01,0.000000000000000000e+00,1.292719999999999980e-01,0.000000000000000000e+00
1.000000000000000000e+00,1.200000000000000000e+01,1.387984400000000029e+01,8.188910000000000355e-01,1.197870000000000046e-01,0.000000000000000000e+00
1.000000000000000000e+00,4.300000000000000000e+01,7.038414999999999644e+00,1.087899999999999978e-02,1.305419999999999914e-01,0.000000000000000000e+00
1.000000000000000000e+00,8.000000000000000000e+00,2.299958999999999865e+00,0.000000000000000000e+00,1.252070000000000127e-01,0.000000000000000000e+00
1.000000000000000000e+00,6.300000000000000000e+01,8.260906000000000304e+00,3.976500000000000035e-01,8.355300000000000227e-02,0.000000000000000000e+00
1.000000000000000000e+00,6.100000000000000000e+01,2.206752499999999984e+01,2.935409999999999964e-01,9.937600000000000600e-02,0.000000000000000000e+00
1.000000000000000000e+00,5.000000000000000000e+01,2.396675400000000167e+01,3.260359999999999925e-01,1.269659999999999955e-01,0.000000000000000000e+00
1.000000000000000000e+00,7.600000000000000000e+01,7.145853999999999928e+00,9.094440000000000301e-01,9.489799999999999625e-02,0.000000000000000000e+00
1.000000000000000000e+00,7.600000000000000000e+01,3.145526100000000014e+01,1.233001999999999931e+00,1.156890000000000002e-01,0.000000000000000000e+00
1.000000000000000000e+00,5.700000000000000000e+01,3.333793000000000006e+01,1.566272000000000109e+00,1.097899999999999987e-01,1.000000000000000000e+00
1.000000000000000000e+00,7.000000000000000000e+01,1.650126799999999960e+01,1.606400000000000050e+00,1.286980000000000068e-01,0.000000000000000000e+00
1.000000000000000000e+00,1.030000000000000000e+02,2.540161000000000158e+01,2.831326999999999927e+00,1.106459999999999944e-01,0.000000000000000000e+00
1.000000000000000000e+00,3.500000000000000000e+01,1.139431500000000064e+01,4.744590000000000196e-01,1.418159999999999976e-01,0.000000000000000000e+00
1.000000000000000000e+00,4.100000000000000000e+01,2.458604999999999929e+00,0.000000000000000000e+00,1.032119999999999982e-01,0.000000000000000000e+00
1.000000000000000000e+00,5.500000000000000000e+01,2.244457600000000141e+01,4.786799999999999944e-01,7.690299999999999914e-02,0.000000000000000000e+00
1.000000000000000000e+00,1.000000000000000000e+02,4.418797200000000203e+01,4.521687000000000012e+00,1.245560000000000000e-01,1.000000000000000000e+00
1.000000000000000000e+00,4.600000000000000000e+01,3.513952000000000186e+00,1.414100000000000079e-01,1.064370000000000038e-01,0.000000000000000000e+00
1.000000000000000000e+00,6.100000000000000000e+01,3.358333000000000013e+00,1.351839999999999986e-01,1.017679999999999974e-01,0.000000000000000000e+00
1.000000000000000000e+00,2.000000000000000000e+01,4.775491999999999848e+01,1.648357999999999990e+00,1.279079999999999939e-01,0.000000000000000000e+00
1.000000000000000000e+00,9.000000000000000000e+01,1.411202800000000046e+01,2.711189999999999989e-01,8.780499999999999416e-02,0.000000000000000000e+00
1.000000000000000000e+00,3.400000000000000000e+01,9.511577000000000837e+00,0.000000000000000000e+00,1.470859999999999945e-01,0.000000000000000000e+00
1.000000000000000000e+00,5.600000000000000000e+01,1.584425479999999880e+02,1.817706799999999845e+01,9.406899999999999984e-02,1.000000000000000000e+00
1.000000000000000000e+00,2.200000000000000000e+01,3.652871499999999827e+01,1.972520999999999969e+00,9.502399999999999736e-02,1.000000000000000000e+00
1.000000000000000000e+00,6.600000000000000000e+01,7.995892499999999359e+01,2.591141100000000108e+01,7.381000000000000061e-02,1.000000000000000000e+00
1.000000000000000000e+00,6.900000000000000000e+01,4.036956299999999942e+01,1.083324600000000082e+01,1.384869999999999990e-01,1.000000000000000000e+00
1.000000000000000000e+00,8.500000000000000000e+01,1.248884800000000084e+01,3.442419999999999924e-01,9.924099999999999588e-02,0.000000000000000000e+00
0.000000000000000000e+00,3.100000000000000000e+01,1.894718100000000049e+01,8.236569999999999725e-01,1.273479999999999890e-01,0.000000000000000000e+00
1.000000000000000000e+00,8.200000000000000000e+01,8.169480000000000075e+00,4.521279999999999744e-01,1.013389999999999985e-01,0.000000000000000000e+00
1.000000000000000000e+00,1.700000000000000000e+01,7.458745100000000150e+01,8.032075999999999993e+00,8.472899999999999876e-02,1.000000000000000000e+00
1.000000000000000000e+00,7.800000000000000000e+01,3.694036000000000097e+00,6.815000000000000224e-02,9.138300000000000589e-02,0.000000000000000000e+00
1.000000000000000000e+00,6.200000000000000000e+01,9.944342000000000681e+00,3.094600000000000128e-02,1.175930000000000031e-01,1.000000000000000000e+00
1.000000000000000000e+00,7.100000000000000000e+01,1.838633700000000104e+01,5.192108000000000168e+00,1.334710000000000063e-01,0.000000000000000000e+00
1.000000000000000000e+00,4.000000000000000000e+01,6.743903000000000425e+00,6.141999999999999890e-03,1.074849999999999972e-01,0.000000000000000000e+00
1.000000000000000000e+00,5.000000000000000000e+01,2.062110000000000110e+00,3.363000000000000017e-02,1.161750000000000005e-01,0.000000000000000000e+00
1.000000000000000000e+00,1.500000000000000000e+01,5.024815999999999860e+01,2.549669999999999881e+00,9.486700000000000688e-02,0.000000000000000000e+00
1.000000000000000000e+00,1.100000000000000000e+01,2.927328999999999937e+01,6.697999999999999961e-03,9.472300000000000164e-02,1.000000000000000000e+00
1.000000000000000000e+00,1.600000000000000000e+01,1.854471900000000062e+01,1.464884000000000075e+00,1.003620000000000068e-01,1.000000000000000000e+00
1.000000000000000000e+00,3.500000000000000000e+01,2.786624600000000029e+01,2.395843999999999863e+00,1.154249999999999998e-01,0.000000000000000000e+00
1.000000000000000000e+00,7.900000000000000000e+01,2.895944400000000130e+01,2.045287000000000077e+00,1.018840000000000023e-01,0.000000000000000000e+00
0.000000000000000000e+00,6.000000000000000000e+00,1.303570609999999874e+02,2.821298999999999779e+00,6.719799999999999385e-02,1.000000000000000000e+00
0.000000000000000000e+00,1.800000000000000000e+01,2.285270600000000130e+01,7.390280000000000182e-01,1.239780000000000049e-01,1.000000000000000000e+00
0.000000000000000000e+00,2.900000000000000000e+01,2.775900599999999940e+01,1.517234499999999997e+01,8.083500000000000407e-02,0.000000000000000000e+00
1.000000000000000000e+00,9.200000000000000000e+01,1.068379200000000040e+01,6.674239000000000033e+00,1.048970000000000041e-01,0.000000000000000000e+00
1.000000000000000000e+00,5.100000000000000000e+01,2.070474400000000159e+01,4.828370999999999746e+00,1.087560000000000054e-01,0.000000000000000000e+00
1.000000000000000000e+00,3.400000000000000000e+01,2.294483699999999970e+01,1.674660000000000037e-01,1.106290000000000051e-01,0.000000000000000000e+00
1.000000000000000000e+00,1.000000000000000000e+02,8.018065999999999249e+00,2.201438000000000006e+00,1.192509999999999959e-01,0.000000000000000000e+00
1.000000000000000000e+00,8.100000000000000000e+01,1.320452700000000057e+01,4.928669999999999995e-01,1.289740000000000053e-01,0.000000000000000000e+00
1.000000000000000000e+00,4.300000000000000000e+01,4.606207000000000384e+00,4.487100000000000116e-02,1.160449999999999954e-01,0.000000000000000000e+00
1.000000000000000000e+00,4.900000000000000000e+01,3.430262400000000156e+01,4.110676999999999914e+00,8.733100000000000585e-02,0.000000000000000000e+00
1.000000000000000000e+00,7.900000000000000000e+01,1.111834699999999998e+01,2.388190000000000035e-01,7.180200000000000471e-02,0.000000000000000000e+00
1.000000000000000000e+00,1.020000000000000000e+02,7.688291999999999682e+00,2.908910000000000107e-01,1.094750000000000029e-01,0.000000000000000000e+00
1.000000000000000000e+00,5.300000000000000000e+01,1.369605999999999923e+01,1.383400000000000081e-02,8.608100000000000473e-02,0.000000000000000000e+00
1.000000000000000000e+00,1.000000000000000000e+01,2.398433800000000105e+01,9.979599999999999582e-01,8.949400000000000410e-02,1.000000000000000000e+00
1.000000000000000000e+00,4.900000000000000000e+01,1.999133600000000044e+01,1.389591000000000021e+00,1.077199999999999963e-01,0.000000000000000000e+00
1.000000000000000000e+00,4.600000000000000000e+01,3.638971500000000248e+01,2.929168000000000216e+00,1.210490000000000038e-01,1.000000000000000000e+00
1.000000000000000000e+00,1.300000000000000000e+01,8.250952999999999804e+01,4.328447599999999795e+01,8.793700000000000128e-02,0.000000000000000000e+00
1.000000000000000000e+00,5.900000000000000000e+01,3.165745999999999949e+00,0.000000000000000000e+00,1.488639999999999963e-01,0.000000000000000000e+00
1.000000000000000000e+00,2.900000000000000000e+01,3.131547600000000031e+01,4.898489999999999789e-01,1.035039999999999988e-01,0.000000000000000000e+00
1.000000000000000000e+00,3.500000000000000000e+01,2.276719100000000040e+01,2.721684999999999910e+00,8.306600000000000095e-02,1.000000000000000000e+00
0.000000000000000000e+00,5.600000000000000000e+01,1.500933599999999934e+01,3.619399999999999840e-01,1.403030000000000110e-01,0.000000000000000000e+00
1.000000000000000000e+00,5.700000000000000000e+01,1.542360200000000070e+01,3.236234000000000055e+00,9.278400000000000536e-02,0.000000000000000000e+00
1.000000000000000000e+00,6.100000000000000000e+01,5.078363099999999974e+01,2.860489300000000057e+01,9.378999999999999837e-02,1.000000000000000000e+00
1.000000000000000000e+00,1.100000000000000000e+01,4.230234000000000272e+00,1.007999999999999998e-03,1.269979999999999998e-01,0.000000000000000000e+00
0.000000000000000000e+00,1.400000000000000000e+01,1.151500599999999963e+01,1.482439999999999869e-01,1.216629999999999934e-01,1.000000000000000000e+00
1.000000000000000000e+00,3.400000000000000000e+01,4.343258999999999759e+00,1.301120000000000054e-01,1.130730000000000068e-01,0.000000000000000000e+00
1.000000000000000000e+00,3.400000000000000000e+01,2.610941499999999849e+01,1.861005000000000020e+00,1.086270000000000013e-01,1.000000000000000000e+00
1.000000000000000000e+00,5.100000000000000000e+01,2.274443600000000032e+01,9.986499000000000237e+00,1.025689999999999935e-01,0.000000000000000000e+00
1.000000000000000000e+00,5.300000000000000000e+01,1.028556360000000041e+02,5.976612099999999828e+01,8.298899999999999333e-02,1.000000000000000000e+00
1.000000000000000000e+00,7.400000000000000000e+01,6.226777899999999732e+01,3.481101999999999919e+00,1.565070000000000072e-01,0.000000000000000000e+00
1.000000000000000000e+00,8.000000000000000000e+00,4.449486000000000274e+01,4.774550999999999767e+00,1.131459999999999966e-01,1.000000000000000000e+00
1.000000000000000000e+00,1.400000000000000000e+01,5.282675799999999811e+01,1.212167999999999912e+00,1.258869999999999989e-01,0.000000000000000000e+00
1.000000000000000000e+00,1.400000000000000000e+01,1.054421299999999917e+01,5.710659999999999625e-01,9.401099999999999735e-02,0.000000000000000000e+00
1.000000000000000000e+00,3.900000000000000000e+01,8.140656999999999144e+00,5.719969999999999777e-01,1.189749999999999974e-01,0.000000000000000000e+00
1.000000000000000000e+00,4.400000000000000000e+01,2.230103000000000080e+01,1.919510000000000105e-01,1.439630000000000076e-01,1.000000000000000000e+00
1.000000000000000000e+00,1.470000000000000000e+02,1.034997899999999937e+01,4.325699999999999684e-02,8.545899999999999330e-02,0.000000000000000000e+00
1.000000000000000000e+00,2.800000000000000000e+01,5.579036299999999926e+01,3.508138999999999896e+00,1.400009999999999866e-01,1.000000000000000000e+00
0.000000000000000000e+00,1.000000000000000000e+02,4.601367199999999968e+01,1.495867800000000081e+01,1.010100000000000026e-01,1.000000000000000000e+00
0.000000000000000000e+00,1.200000000000000000e+01,1.558071999999999946e+01,2.433764000000000038e+00,1.234729999999999994e-01,0.000000000000000000e+00
1.000000000000000000e+00,2.100000000000000000e+01,1.151781289999999984e+02,1.491460700000000017e+01,8.850800000000000334e-02,0.000000000000000000e+00
1.000000000000000000e+00,2.700000000000000000e+01,5.561872699999999980e+01,5.742994000000000376e+00,1.073459999999999970e-01,0.000000000000000000e+00
1.000000000000000000e+00,7.000000000000000000e+01,7.727655999999999636e+00,2.200100000000000111e-01,1.229019999999999974e-01,0.000000000000000000e+00
1.000000000000000000e+00,5.100000000000000000e+01,1.434293800000000019e+01,3.122000000000000209e-03,1.264309999999999878e-01,0.000000000000000000e+00
1.000000000000000000e+00,6.000000000000000000e+01,5.026596999999999760e+00,3.303369999999999918e-01,8.981500000000000594e-02,0.000000000000000000e+00
1.000000000000000000e+00,9.000000000000000000e+00,1.803260099999999966e+01,9.965359999999999774e-01,8.243599999999999539e-02,1.000000000000000000e+00
1.000000000000000000e+00,5.600000000000000000e+01,7.492564999999999920e+00,3.359899999999999692e-02,8.552500000000000380e-02,0.000000000000000000e+00
1.000000000000000000e+00,4.200000000000000000e+01,1.044670799999999922e+01,1.092476000000000003e+00,1.097179999999999961e-01,0.000000000000000000e+00
1.000000000000000000e+00,6.100000000000000000e+01,4.766178000000000026e+00,2.389979999999999882e-01,1.194989999999999941e-01,0.000000000000000000e+00
1.000000000000000000e+00,6.600000000000000000e+01,7.278769400000000189e+01,1.557773099999999999e+01,9.823600000000000387e-02,1.000000000000000000e+00
0.000000000000000000e+00,5.600000000000000000e+01,6.261148000000000380e+00,6.194600000000000106e-02,1.037590000000000040e-01,0.000000000000000000e+00
1.000000000000000000e+00,7.100000000000000000e+01,2.893708600000000075e+01,1.324111800000000017e+01,1.140570000000000056e-01,1.000000000000000000e+00
1.000000000000000000e+00,1.000000000000000000e+02,7.512279000000000373e+00,2.968869999999999898e+00,1.114850000000000008e-01,0.000000000000000000e+00
0.000000000000000000e+00,2.300000000000000000e+01,4.782596300000000156e+01,3.161360999999999866e+00,1.151279999999999942e-01,1.000000000000000000e+00
1.000000000000000000e+00,7.800000000000000000e+01,8.751637999999999806e+00,1.857189999999999952e-01,1.187389999999999973e-01,0.000000000000000000e+00
1.000000000000000000e+00,2.500000000000000000e+01,4.604941300000000126e+01,1.663974999999999982e+00,1.319500000000000117e-01,0.000000000000000000e+00
1.000000000000000000e+00,2.300000000000000000e+01,9.431589999999999918e+00,2.479550000000000087e-01,9.918200000000000627e-02,1.000000000000000000e+00
1.000000000000000000e+00,2.100000000000000000e+01,1.694871999999999934e+00,0.000000000000000000e+00,7.322599999999999942e-02,1.000000000000000000e+00
1.000000000000000000e+00,4.200000000000000000e+01,2.428141400000000161e+01,6.411160000000000192e-01,8.489700000000000024e-02,0.000000000000000000e+00
1.000000000000000000e+00,3.700000000000000000e+01,4.978201000000000320e+00,1.848960000000000048e-01,9.394700000000000273e-02,0.000000000000000000e+00
1.000000000000000000e+00,4.600000000000000000e+01,1.625448000000000093e+01,3.168360000000000065e-01,9.582400000000000639e-02,0.000000000000000000e+00
1.000000000000000000e+00,8.600000000000000000e+01,4.989494999999999791e+00,1.652959999999999985e-01,9.795299999999999840e-02,0.000000000000000000e+00
1.000000000000000000e+00,5.600000000000000000e+01,1.918597000000000108e+00,0.000000000000000000e+00,1.005650000000000016e-01,0.000000000000000000e+00
1.000000000000000000e+00,7.700000000000000000e+01,9.403200499999999806e+01,1.656222100000000097e+01,1.270060000000000078e-01,1.000000000000000000e+00
1.000000000000000000e+00,6.500000000000000000e+01,4.398388200000000126e+01,1.644217999999999957e+00,1.278600000000000014e-01,1.000000000000000000e+00
1.000000000000000000e+00,3.100000000000000000e+01,1.286550699999999914e+01,7.272099999999999398e-02,1.206870000000000026e-01,0.000000000000000000e+00
1.000000000000000000e+00,3.000000000000000000e+00,6.890557000000000265e+00,6.358300000000000063e-02,1.066549999999999998e-01,0.000000000000000000e+00
1.000000000000000000e+00,1.200000000000000000e+01,2.664373199999999997e+01,3.128650000000000042e-01,1.004260000000000014e-01,0.000000000000000000e+00
1.000000000000000000e+00,3.100000000000000000e+01,1.308592600000000061e+01,1.005790000000000017e-01,1.097220000000000001e-01,0.000000000000000000e+00
1.000000000000000000e+00,5.300000000000000000e+01,3.852405000000000079e+00,2.903350000000000097e-01,8.741300000000000459e-02,1.000000000000000000e+00
1.000000000000000000e+00,1.200000000000000000e+01,2.665046299999999846e+01,9.958100000000000285e-02,8.402199999999999946e-02,1.000000000000000000e+00
1.000000000000000000e+00,3.900000000000000000e+01,1.260494699999999924e+01,1.077569999999999917e+00,1.066899999999999932e-01,1.000000000000000000e+00
