8.623727074501389422e-01,-6.202306296522039020e+00,9.694106897182590998e+00,-6.704987866414447772e+00,-1.538620973287193827e+01,2.646825719459721338e+00
8.841471152637000452e-01,-6.726562435280607488e+00,1.200053359626170923e+01,-8.130351971906643271e+00,-1.676096492179567576e+01,1.221886494829607983e+00
-8.013823312706329638e-01,-6.391204838734369176e+00,1.004906868224392369e+01,-7.735045635579814949e+00,-1.504676393255014233e+01,2.818904818610631580e+00
9.688055285415997364e-01,-6.012049168596345083e+00,9.433405744336685217e+00,-6.215935295399631855e+00,-1.829489860280489211e+01,4.195300967947172666e+00
1.232392473769099661e+00,-6.478609602893300234e+00,1.250011710513966179e+01,-6.600524747772270828e+00,-1.724909183217481612e+01,2.782645307816790314e+00
9.066864350240628756e-01,-2.507793459827308613e+00,1.214229372664407158e+01,-8.789520211089671520e+00,-1.763022741310676622e+01,1.975691664989428498e+00
9.132261346621010079e-01,-6.567349929045786183e+00,1.033702436213487807e+01,-8.734701455791455516e+00,-1.700209975751676694e+01,2.944706972115380683e+00
1.077355352061853289e+00,-6.226495727711893302e+00,1.119936384402240215e+01,-6.106737350990570690e+00,-1.815849945220915984e+01,3.334842152780783664e+00
-1.094334368469220609e+00,-6.377385235250438988e+00,1.038882814741280569e+01,-7.576330863243581071e+00,-1.761889159793183168e+01,2.907803295920266429e+00
9.302748719884494921e-01,-6.285570556913925522e+00,9.836619501456583592e+00,-7.443610745462484246e+00,-1.741056687862149843e+01,3.460069871830083965e+00
8.580862534538694630e-01,-6.289993049679108772e+00,1.092732006603627859e+01,-6.122043876859495803e+00,-1.539265287323189213e+01,1.566420596209388227e+00
1.082696310927394601e+00,-6.408125848066286601e+00,1.049203514336172560e+01,-7.722563357044950116e+00,-1.640985964688134757e+01,3.544450531391437842e+00
1.123788657972692118e+00,-6.596290187988611109e+00,1.177555274037518807e+01,-8.148310624370600053e+00,-1.643970632115268771e+01,4.089109823681797984e+00
8.930467093380936028e-01,-6.510818696100534098e+00,1.083234358780656414e+01,-8.044367530256220533e+00,-1.708734676324803559e+01,3.006071337941378374e+00
9.492183249090763164e-01,-6.296241563884359849e+00,9.732063918210632991e+00,-7.707092250447460380e+00,-1.783066437304436747e+01,3.859826512391983488e+00
1.248180699443660835e+00,-6.443706427972103690e+00,1.115299333558280459e+01,-7.521173864944378451e+00,-1.596116792916186000e+01,3.823243313747666683e+00
8.327406153530677591e-01,-2.283830613073267291e+00,1.022795046596893798e+01,-8.758965105266771189e+00,-1.560649412306449868e+01,2.567372047670738233e+00
7.908355500186052822e-01,-6.400702690997662536e+00,1.027719518079616989e+01,-7.301753035497237754e+00,-1.499458757222873828e+01,1.700510052730850763e+00
1.095666993340808748e+00,-6.373707481101929417e+00,1.079895959159698648e+01,-7.107867928422293424e+00,-1.564506829304935387e+01,2.995695793908159210e+00
8.291601196796685169e-01,-6.610422048135868422e+00,1.003497258424817318e+01,-8.955755076576258134e+00,-1.546498476405389511e+01,2.192390797046703366e+00
9.340863600787958632e-01,-6.395201436355145042e+00,1.058686885475817796e+01,-7.255779010456887335e+00,-1.608789559151126625e+01,2.319837434508680296e+00
8.214037197766241860e-01,-6.754260757167997120e+00,1.151884421868678565e+01,-8.613958217347253310e+00,-1.594639567193683938e+01,1.253622781353333604e+00
8.295387900589894503e-01,-6.323357330785038144e+00,1.080976177117601011e+01,-6.160890722825050680e+00,-1.359095710760185050e+01,9.197096045479945525e-01
8.902899526677204856e-01,-6.940951720110915879e+00,1.136665753823094782e+01,-1.010939952575528800e+01,-1.659728203749454067e+01,1.918949989271929724e+00
6.526798296721829651e-01,-6.285632566695062984e+00,9.839826561261444837e+00,-7.220953232271044797e+00,-1.592187706983354545e+01,2.858839844499869720e+00
9.078982700014732732e-01,-6.381069320057279448e+00,1.094007308302588655e+01,-6.807671539909958547e+00,-1.630947403236758930e+01,1.834605159385052975e+00
9.399050717003224475e-01,-6.024049993528000968e+00,1.173058191244696857e+01,-3.888834295468566626e+00,-1.705928829381213419e+01,1.336187278312183979e+00
1.048643338894788002e+00,-6.345314160783193103e+00,1.136075640691661093e+01,-6.498476615642053034e+00,-1.676031116488760375e+01,2.625066982069971022e+00
1.192920934945892464e+00,-6.473098727057573498e+00,1.238825913065808493e+01,-6.691463855105640235e+00,-1.737659675726752795e+01,2.938233200442934567e+00
8.899140191710170900e-01,-6.379140907919584436e+00,1.058663972947868359e+01,-7.598583643341101812e+00,-1.816865697447030925e+01,3.652364556523783889e+00
9.932925143505024757e-01,-6.040635255058753650e+00,1.028562168580347347e+01,-5.450308018059135229e+00,-1.713822307645016352e+01,3.064841658413018255e+00
8.941276269073507033e-01,-6.046436425219699373e+00,9.407758722791999872e+00,-6.146318158290431377e+00,-1.660313370732531268e+01,3.318345971637165714e+00
-5.123633102425961816e-01,-6.074929706051321432e+00,9.958187044885207229e+00,-5.863305639286973125e+00,-1.702458340994390085e+01,2.745130766383361287e+00
9.481178412235164998e-01,-6.218764157228435785e+00,9.654831871220274309e+00,-7.079507519340045185e+00,-1.558020707009549533e+01,3.587855947573175275e+00
9.695211298863579685e-01,-6.803230601152761459e+00,1.202443713616548671e+01,-8.664754402451150028e+00,-1.643593036914193206e+01,1.555961969469693784e+00
1.133805820836111034e+00,-6.174279503558916637e+00,1.023184483890955221e+01,-6.533788444780776139e+00,-1.656149985310857886e+01,3.987278844632487829e+00
8.118645234774488628e-01,-6.187931064031054085e+00,9.232635223882406095e+00,-7.022330384669806413e+00,-1.579172887617161436e+01,2.882876507621019879e+00
7.663158504147629113e-01,-6.237086685296418409e+00,9.380250261711463367e+00,-7.284485038242443089e+00,-1.554859187424922062e+01,3.144634892354403632e+00
-5.899403417781278414e+00,-6.221222802977557365e+00,1.099969664991938600e+01,-6.525942658188922607e+00,-1.814778770726175594e+01,3.688038579777726866e+00
1.227743494477500530e+00,-6.146513540466300718e+00,1.112573485097255954e+01,-5.687667716423576714e+00,-1.693517835683730510e+01,3.772664632907233528e+00
2.521862396511671545e-01,-6.478249091199427490e+00,1.161618596331178566e+01,-7.246606663652958247e+00,-1.486721414785737672e+01,3.261438931975816136e+00
1.232940723322253795e+00,-6.099991200254910595e+00,1.155335703168894668e+01,-4.837644576588922440e+00,-1.599502239984613716e+01,2.968436828624777313e+00
9.250976305736380301e-01,-6.271374871481699920e+00,9.877587784257816139e+00,-7.136242898079368402e+00,-1.625853001843817225e+01,2.953257491423092684e+00
8.816307621037647868e-01,-6.249318305835127596e+00,1.082736961900911865e+01,-5.968863216497037882e+00,-1.577850068457326493e+01,1.627380179273941740e+00
8.376917920307435095e-01,-6.266596640299034959e+00,9.376472922240802532e+00,-7.366414034394736632e+00,-1.568080290570785174e+01,2.688325839510162130e+00
9.213289032019306157e-01,-2.509055314825345384e+00,1.189825848134571906e+01,-9.007253933253631217e+00,-1.726798716113633247e+01,2.204184933934662638e+00
8.102585192916812451e-01,-6.241127578817747157e+00,9.781875637360947451e+00,-7.033755664841876865e+00,-1.475593206793706713e+01,3.353360806873443511e+00
9.141210807931593463e-01,-6.211540804012397388e+00,9.357234140983106130e+00,-7.378775517482380586e+00,-1.730619003372681775e+01,3.751164506726988535e+00
1.237558354202323851e+00,-6.579179987077329095e+00,1.211040747288918062e+01,-7.654790570536125216e+00,-1.725861944207527898e+01,3.334379456543352660e+00
1.050278481002664410e+00,-6.022192040104573429e+00,9.654612713918959699e+00,-6.073650175443006560e+00,-1.740632668318178844e+01,4.195848425210562560e+00
8.456702298570178966e-01,-6.133823640225661400e+00,8.771698608889250792e+00,-7.126227345770714372e+00,-1.593840190808611723e+01,3.346679592533026604e+00
9.059694782554927883e-01,-6.405804710432652982e+00,1.110844818980865512e+01,-6.814858208176874932e+00,-1.638252637976383497e+01,1.693301445352485279e+00
9.125731446049401008e-01,-6.665771910563937475e+00,1.183218417817121271e+01,-8.435228729593820418e+00,-1.777771113233320577e+01,3.308059920315291169e+00
9.988155996652091639e-01,-6.465180077709004713e+00,1.086975719938549112e+01,-7.735171119776665272e+00,-1.738405128246449038e+01,2.987879033267118789e+00
8.405076423267986430e-01,-2.134915938252458290e+00,9.898947939962738474e+00,-8.104942491444274921e+00,-1.559588104294487287e+01,2.818561362507575385e+00
6.881776399268617617e-01,-6.339482030512095356e+00,1.114669060427968716e+01,-6.805988732594471458e+00,-1.858175364825287801e+01,2.960777148403598069e+00
8.427976313699110378e-01,-6.394256040173232236e+00,9.839118033037435040e+00,-7.803076430721622714e+00,-1.591622210108342550e+01,2.441123801118454395e+00
9.352645955059973870e-01,-6.216626459762347068e+00,1.030103744976482716e+01,-6.526042820667779409e+00,-1.699306493430135134e+01,2.950086571699552351e+00
8.281384805858155174e-01,-6.452911637677476442e+00,1.003145807067103945e+01,-7.980672353193188684e+00,-1.554936371589719890e+01,2.277889754544102363e+00
6.950823170133254569e-01,-6.445165286934629201e+00,1.220853976434422172e+01,-6.515021968125732421e+00,-1.489471861470589609e+01,2.905150349814076272e+00
9.220292030596852761e-01,-6.347284187390890509e+00,1.036281139072451829e+01,-7.269519236267102613e+00,-1.701239958996779578e+01,2.762812456576674069e+00
9.192051190914716230e-01,-6.560242065344668028e+00,1.208582381064788080e+01,-7.714406442893070981e+00,-1.634198655934584821e+01,4.145807787013754186e+00
9.666596921677098608e-01,-6.312050255947894151e+00,1.022211777640626806e+01,-7.382443815907624440e+00,-1.796282036321622755e+01,3.518561136582739390e+00
8.665912369948699512e-01,-6.537792089058429568e+00,1.042401899816423416e+01,-8.369610219795067252e+00,-1.664508089959074510e+01,2.552956813970018946e+00
9.039634771346574116e-01,-6.260585420386751920e+00,9.491774129297455787e+00,-7.403498916811256159e+00,-1.624380168340299235e+01,3.206135786317477088e+00
9.734061798337128035e-01,-6.246701979708443986e+00,9.803060910697757535e+00,-7.359002391459366521e+00,-1.789481321513418521e+01,3.920491975170580456e+00
9.006889834048331656e-01,-6.501422281514344093e+00,1.011971775419524988e+01,-8.446931721362535228e+00,-1.670574701810438967e+01,2.920188058106286011e+00
8.758934482910113450e-01,-6.264341559665232317e+00,9.391499613989058304e+00,-7.519624547312971252e+00,-1.652013856644526868e+01,3.227967163505507386e+00
4.159830217727880086e-01,-6.178984728124722992e+00,1.027128439029096718e+01,-6.186621965870096496e+00,-1.661177876304806844e+01,2.480501282274374386e+00
9.769041853649496066e-01,-6.351873900623552061e+00,1.066267955755685470e+01,-7.466065303846311174e+00,-1.765079741484235143e+01,4.157365679064954911e+00
8.043492828653806548e-01,-6.290274672097633690e+00,9.412452896035549799e+00,-7.387658752162592712e+00,-1.536046209777407157e+01,2.334871896530056556e+00
1.014037945239695926e+00,-6.409510405720223680e+00,1.024766838474453756e+01,-7.817261492196300843e+00,-1.589642715826014552e+01,3.296391976502533794e+00
8.788279041541622316e-01,-6.537070234478317587e+00,1.035303582132108602e+01,-8.303109599132040941e+00,-1.588961056289450902e+01,2.267127941601096541e+00
9.208846184836396720e-01,-6.153248145979802075e+00,9.810138496551090270e+00,-6.469329532314723075e+00,-1.664845232630516847e+01,3.020551970908032846e+00
9.339781234286324008e-01,-6.602497186103998494e+00,1.071285137050815273e+01,-8.640933231813972881e+00,-1.703947364317004087e+01,2.732072314629345744e+00
9.154818757432191534e-01,-2.439635692073001572e+00,1.191912949274575695e+01,-8.556524242358374721e+00,-1.753594914036769836e+01,2.170769442902436897e+00
1.025734811598244534e+00,-2.198788859752251579e+00,1.318012849896997807e+01,-6.058535962439212774e+00,-1.852573044560458371e+01,1.686432977830210733e+00
9.181065331939065599e-01,-6.082935004496140330e+00,9.018898026445491212e+00,-6.833820221873958545e+00,-1.709887730005089779e+01,3.936212360136555066e+00
9.134912781983329788e-01,-6.235347011046052046e+00,9.877024787527112437e+00,-6.815151184352575164e+00,-1.580989124012475244e+01,2.679146124085081571e+00
9.038564341169665894e-01,-6.271591270129695417e+00,1.027048996828503924e+01,-6.735468554876010039e+00,-1.636104620755112293e+01,2.430240709969479607e+00
9.394208911857944155e-01,-6.334613756422060149e+00,1.011632898242354450e+01,-7.515590560077986204e+00,-1.744294608768423060e+01,3.283859625519862213e+00
9.153651531903302940e-01,-6.554305740538103109e+00,1.033350171352240920e+01,-8.638213846356409320e+00,-1.688274090632891955e+01,2.906955642996609690e+00
9.767060370120036472e-01,-6.102941840438034227e+00,9.609387892809380105e+00,-6.513670733023279702e+00,-1.728094579755848059e+01,3.785835891662169495e+00
9.568066023099464079e-01,-6.451940145323097120e+00,1.139491440238148989e+01,-6.767074390468375888e+00,-1.528412004473010199e+01,1.379294829091412433e+00
1.102080137998596499e+00,-6.313581434066526832e+00,1.034134895639706642e+01,-7.047415297537217072e+00,-1.482000284049054351e+01,3.169121489294190575e+00
9.719574357295414080e-01,-6.209306849625161107e+00,1.045228127907641991e+01,-6.374117370836533958e+00,-1.717209425222700858e+01,2.923323630315299848e+00
9.425621121330485241e-01,-6.507717365272115195e+00,1.132683184154546296e+01,-7.380902459677585625e+00,-1.669234084804226370e+01,1.918105745264256701e+00
8.609807921176743095e-01,-6.055507048147077853e+00,8.968636150028112652e+00,-6.461022208671545641e+00,-1.607432483245071353e+01,3.211387979946265681e+00
9.011007451979118343e-01,-6.396773430025244345e+00,9.709596535666767281e+00,-8.182590868860897260e+00,-1.690395011792634250e+01,3.327217704017523925e+00
9.786707464234218889e-01,-6.175696788606945375e+00,9.773269697922165378e+00,-6.924527427680728486e+00,-1.787887221118739234e+01,3.911638579941450811e+00
8.074323573808340759e-01,-6.491694747176143920e+00,1.016733059770182201e+01,-8.020280824701956135e+00,-1.494825282909784292e+01,1.958082271925664086e+00
8.231684564226242617e-01,-6.685617582450285923e+00,1.064665537134613338e+01,-8.878499678449321308e+00,-1.567455362130538177e+01,1.651298205990817447e+00
9.874215383821304259e-01,-6.362947415847959753e+00,1.170251715569284379e+01,-6.041349974082964813e+00,-1.577658997045239708e+01,1.513879638270687611e+00
1.123114220252842355e+00,-6.594534826719567810e+00,1.102154554328759595e+01,-8.305088421800332910e+00,-1.500239253090700764e+01,2.929356973346524562e+00
1.073720802630844684e+00,-6.460744882075036166e+00,1.094851584187554216e+01,-7.678750963436691279e+00,-1.617070161690717356e+01,3.370703626483687376e+00
9.463319315077449723e-01,-2.385530238963109451e+00,1.110075935937463854e+01,-8.988691722307132537e+00,-1.714292258650429801e+01,3.052940388282205486e+00
9.282313105696885502e-01,-6.173195809151422964e+00,9.215620807366619260e+00,-7.215428319843871563e+00,-1.681459246929097162e+01,3.781532823260560061e+00
1.085928835888936739e+00,-6.202489780675461084e+00,1.024037962346792163e+01,-6.921315314987736222e+00,-1.666688693213022532e+01,4.817660759466789067e+00
1.007745635647414817e+00,-6.121540779048810776e+00,1.070780497213410776e+01,-5.775562528334337919e+00,-1.837321944347187497e+01,3.236839622027629648e+00
-9.773749604070179897e-01,-6.445149653556466518e+00,1.166579315726271204e+01,-7.363649015623965788e+00,-1.671959516401925683e+01,4.161107527370367265e+00
8.669778071162750344e-01,-6.156388556108000287e+00,9.477055387787347129e+00,-6.743634346414594916e+00,-1.677144968764298127e+01,3.061195882573525484e+00
9.088454942803008141e-01,-6.144830586982946485e+00,9.100476663147597733e+00,-7.136579095651244486e+00,-1.701338242245232379e+01,3.817734117196773802e+00
8.765853362041444718e-01,-6.457448398782176469e+00,1.188996961960030774e+01,-6.498584642419105606e+00,-1.728239934284338375e+01,1.125644460825487636e+00
9.049391653537077751e-01,-6.361381807585214432e+00,1.005276944397684780e+01,-7.653768363839086319e+00,-1.713325568534345322e+01,3.035526811668038061e+00
-1.954518713015594711e-01,-6.576241989838891300e+00,1.150363135961698013e+01,-7.428297815344738098e+00,-1.589161922432429286e+01,8.836184648592151358e-01
1.186691807615320116e+00,-6.170774788502924935e+00,1.190874211670728045e+01,-5.290961616079520979e+00,-1.853123012114293644e+01,3.435005338210840975e+00
1.022531029005719239e+00,-6.382894730568105857e+00,1.024521330661943530e+01,-7.761260647203638285e+00,-1.685541419736005864e+01,3.539521311988779395e+00
-5.943127190152807771e+00,-6.474051722520809626e+00,1.216241971356614471e+01,-7.487726831424533991e+00,-1.753468822813350769e+01,4.515679153010515812e+00
9.620311125540988995e-01,-6.551464448832796883e+00,1.086044847213901043e+01,-8.329079082556450686e+00,-1.790106883651678515e+01,3.022640497457433018e+00
8.092376029459258380e-01,-6.640895351612113195e+00,1.190740519907038397e+01,-8.299477637166051025e+00,-1.704308609379799933e+01,3.758835278298648497e+00
8.716006362626880222e-01,-6.202398917669134981e+00,9.433000353394932702e+00,-7.105801373188310954e+00,-1.667665833330610425e+01,3.234435196529476197e+00
4.716426318990766253e-01,-6.570294798610853526e+00,1.076661510413953060e+01,-8.405276692890765844e+00,-1.620285353837585873e+01,2.883587389562802805e+00
8.901199189482810192e-01,-6.224378605099353479e+00,9.310203837754395195e+00,-7.403760929011957259e+00,-1.684246577060780936e+01,3.486258962100887704e+00
9.153814030868635543e-01,-6.377114209376012255e+00,1.120024358726530167e+01,-6.498303115574164401e+00,-1.601398208962486791e+01,1.497765805737759637e+00
9.188711018390164353e-01,-6.188523255369994480e+00,9.449197508906488352e+00,-7.060842519456938859e+00,-1.672048936150874709e+01,3.451685160815777476e+00
6.888606391473660606e-01,-6.078807766293874870e+00,8.626030158822961980e+00,-6.460685670862616803e+00,-1.377980720348742061e+01,2.112538423952178501e+00
8.690235201149657529e-01,-6.390886713003587793e+00,9.864839522823514173e+00,-7.778944370059848623e+00,-1.577891332324880302e+01,2.536648173354667080e+00
1.432118238957937661e+00,-6.350998083609460387e+00,1.315927634489821330e+01,-5.404292200393808088e+00,-1.683909588967352988e+01,3.232283970814767926e+00
1.084231009488806796e+00,-6.487030543190574150e+00,1.112778464952481094e+01,-7.847691919659303572e+00,-1.793762098036648212e+01,3.506176213809697018e+00
9.016581619056294183e-01,-6.461895389732876360e+00,1.015772204967191783e+01,-8.345015339353313522e+00,-1.757816508085654661e+01,3.442176221688542093e+00
8.968682626041393213e-01,-6.378136605593448749e+00,1.064131821066813899e+01,-7.218839519543377214e+00,-1.711995244261098037e+01,2.535279445775258544e+00
8.491338918241826406e-01,-6.114865958123337109e+00,8.677333864141766995e+00,-7.077320454897365387e+00,-1.579236068613012378e+01,3.398980308094838421e+00
9.023111746684960854e-01,-6.464289411458185697e+00,1.018023224365225587e+01,-8.185571555317549652e+00,-1.698845952120288771e+01,2.931787646075643572e+00
9.307016648759992572e-01,-6.228796160573995877e+00,9.510474850150160364e+00,-7.416071278011120427e+00,-1.762079720433731111e+01,3.829446427445527767e+00
8.976661102538949777e-01,-2.234443696730644913e+00,1.082879577907064217e+01,-7.922258408668802154e+00,-1.538595062794412094e+01,2.234995356396312971e+00
8.955880339791937317e-01,-2.207339746208438314e+00,1.169120135466814325e+01,-7.608453661713584282e+00,-1.513617922311206421e+01,4.175227253869631561e+00
-2.057310425381810415e+00,-6.250168573225310276e+00,1.061403341787196553e+01,-7.024371267841361899e+00,-1.691811144353728125e+01,4.614342951328360698e+00
9.855398157085015765e-01,-6.126720923051910184e+00,9.620587276509795061e+00,-6.746485407525350197e+00,-1.778287525309582406e+01,4.037160493236177317e+00
9.317502818328300407e-01,-6.166138159059351587e+00,9.641101963395673380e+00,-6.656062262262468998e+00,-1.608524272999135718e+01,3.083140355102475638e+00
9.267485878222092577e-01,-6.629221835332985258e+00,1.132842821764208452e+01,-8.282257666561491760e+00,-1.756350279823988458e+01,2.243886088375052879e+00
9.818639048799133739e-01,-6.100543464764342616e+00,9.717977487253683933e+00,-6.316828357660901005e+00,-1.669649880569674139e+01,3.492198802798062829e+00
9.243749200650059894e-01,-6.592306286064994580e+00,1.185953836737463796e+01,-7.513840526163387601e+00,-1.718463830272618154e+01,1.693795900390082210e+00
1.017592838985423853e+00,-6.241061990086685718e+00,1.008774080869937784e+01,-6.885556559537180377e+00,-1.613161648573458251e+01,3.359173131528904843e+00
8.856126416392506862e-01,-6.485327045212679664e+00,1.024095115869680939e+01,-8.146004729143898615e+00,-1.634386089019738009e+01,2.544184474044862920e+00
-4.654250040024155988e-01,-6.413596029368844320e+00,1.008902371459200609e+01,-7.843884159941278078e+00,-1.456849041603053152e+01,2.943483427501293992e+00
1.124162985430808170e+00,-6.422549985024462060e+00,1.056240066987862392e+01,-7.879059465969550757e+00,-1.684058637713952677e+01,3.916514648486754790e+00
8.519537775003742652e-01,-6.354091541122931730e+00,1.025500812292443698e+01,-7.076178132526218967e+00,-1.541681903373194906e+01,1.840763649746416375e+00
1.069666057857369124e+00,-6.406309713539321216e+00,1.137669167639627332e+01,-6.973994171595685465e+00,-1.727623113646999187e+01,2.910979389264509276e+00
9.309078002146652375e-01,-6.460599337241014872e+00,1.235878358304427493e+01,-6.150273073279148406e+00,-1.719488042433806996e+01,1.005125676339015950e+00
1.000192287368042665e+00,-6.307297931351943276e+00,1.140363216651116218e+01,-6.067392326190365281e+00,-1.598036468335775595e+01,2.150314022712732420e+00
1.274181438658618770e+00,-6.238558807984388999e+00,1.343448967993799492e+01,-4.426944063270749297e+00,-1.902939471072554767e+01,2.472504538537110275e+00
1.093476636192257878e+00,-6.208102788840002439e+00,1.058097423800712100e+01,-6.577203613145301553e+00,-1.813225848285756570e+01,3.944509206075283547e+00
1.055095727686373996e-01,-6.169761763296992996e+00,9.352276387198072527e+00,-7.017561713541130786e+00,-1.690407009671736205e+01,3.337621887881597083e+00
1.027957856431927164e+00,-6.384056888776708405e+00,1.153865982835413995e+01,-6.426813141604491797e+00,-1.590776121387996334e+01,2.033100991544902314e+00
7.046432801196554907e-01,-6.730310219714759512e+00,1.116957810616568025e+01,-8.797594581874207620e+00,-1.586925895412914400e+01,1.612526027450756461e+00
8.447361731419417152e-01,-6.234656073116275010e+00,9.351934654702290572e+00,-7.231190820539287856e+00,-1.596484014061138801e+01,2.832294199111134336e+00
9.666580705144064423e-01,-6.338612414825748331e+00,1.269017309588786979e+01,-5.176303124407461098e+00,-1.772094180676440445e+01,1.047868305494161101e+00
1.983060873438915184e-01,-6.236920145934933934e+00,1.028253222835977176e+01,-6.894492288236515165e+00,-1.676458301328003131e+01,3.812752259836394764e+00
8.587917538723274236e-01,-6.701749577180383888e+00,1.106950878852170916e+01,-8.665431757427338511e+00,-1.590687978855714313e+01,1.539623415533351247e+00
8.743934876305057280e-01,-2.304573802291935536e+00,1.047631170882069185e+01,-8.839195964444922282e+00,-1.641927162766835835e+01,2.895087058441382144e+00
1.110382854342832903e+00,-6.143537445112515094e+00,1.058389805771664172e+01,-6.040018980733318443e+00,-1.719182613836126805e+01,3.652488631343651981e+00
8.350364931295101156e-01,-6.501161500679001115e+00,1.118335737616311043e+01,-7.273617583223082939e+00,-1.649881849777255738e+01,1.274569837836991848e+00
9.446769756008170926e-01,-6.123439389084105677e+00,9.883147502610963642e+00,-6.145267065315851873e+00,-1.553638252733260039e+01,2.932589183742187355e+00
-1.728233316627122984e-01,-6.379410557701143070e+00,1.029844627862568274e+01,-7.518424450327297670e+00,-1.655952433785125422e+01,2.714041271245997589e+00
9.105177118641778478e-01,-6.087257121895921053e+00,8.863107907745385816e+00,-6.769763301074487316e+00,-1.494060685801160560e+01,3.590443609830565208e+00
-5.524307502369394385e-01,-6.527096590701678913e+00,1.143280368581060102e+01,-7.864921874153872672e+00,-1.394322724640782774e+01,4.069702626003755874e+00
8.340554840616583032e-01,-6.169638426295062317e+00,9.573597639358931488e+00,-6.987255513762580250e+00,-1.513900439542294052e+01,4.324228628112456896e+00
1.022044235759681730e+00,-6.297702098037142981e+00,1.223920507304474903e+01,-5.470044621649194916e+00,-1.834012592800119990e+01,1.865714852926372069e+00
1.030822837757040089e+00,-6.230854445864500768e+00,9.938251862828630934e+00,-7.210232610279711629e+00,-1.785116954715286042e+01,4.129844110017603320e+00
1.007156483325642116e+00,-6.206304554809427110e+00,9.718173379693524794e+00,-7.220615591092395036e+00,-1.783309075711272840e+01,4.174711054367268304e+00
1.388776424932199438e+00,-6.594400484713202282e+00,1.201525401173824292e+01,-7.891842223301174464e+00,-1.584002372916473966e+01,3.952715438394147185e+00
1.114901218947783601e+00,-6.352232038339448827e+00,1.046899123340894988e+01,-7.654120202227184144e+00,-1.798861222994487363e+01,4.297587764570136137e+00
1.430829291504901901e+00,-6.175065254228711886e+00,1.277362257790686861e+01,-4.475188920149491878e+00,-1.587285965880762006e+01,3.113944253570478882e+00
8.946614382807817067e-01,-6.569433053209325024e+00,1.104839458162073207e+01,-8.035148628199356935e+00,-1.706470374903659604e+01,2.088375313649402987e+00
9.226130045513831757e-01,-6.461220843633512345e+00,1.086490799710865751e+01,-7.667111635948397286e+00,-1.606257421326214896e+01,3.077741201835192619e+00
1.526735568590500858e+00,-6.476297459979935667e+00,1.389831313266528490e+01,-5.630533763171543526e+00,-1.642838473465674198e+01,3.137539222547308437e+00
9.360005747268844711e-01,-6.534348681999670561e+00,1.067931954619825419e+01,-8.241941113754373660e+00,-1.715080076605893211e+01,2.754103580470467438e+00
7.789483397018727162e-01,-6.246562421002759713e+00,1.041013050744138724e+01,-6.601353830009877299e+00,-1.703954227642890018e+01,2.766551568625442048e+00
9.881078771186372345e-01,-6.635820855094783255e+00,1.147678561139321118e+01,-8.198711537280225059e+00,-1.698324664846789034e+01,2.294679917102046662e+00
9.378348367415838549e-01,-6.228290486868874432e+00,1.060452182840765900e+01,-6.335148761828379271e+00,-1.744619766996751409e+01,2.650274863980421447e+00
1.045581463884231344e+00,-6.422426058631078405e+00,1.205090664642517062e+01,-6.654002534779309919e+00,-1.584215427408049237e+01,3.437682521125942969e+00
1.164557548471843562e+00,-6.292411664095172164e+00,1.108719018361371766e+01,-6.633368934978111753e+00,-1.725753619532761718e+01,3.650495943759268336e+00
9.773163892112000095e-01,-6.273358639391145353e+00,1.105102876329465111e+01,-5.915641730376560048e+00,-1.501931698935465853e+01,1.610901688274734234e+00
1.006246743025198231e+00,-6.334071714466998237e+00,1.078464865904151182e+01,-7.001414437155089487e+00,-1.765423035359054538e+01,3.096030338457055997e+00
9.072459898895145480e-01,-6.373300305276801581e+00,9.963319005016540331e+00,-7.827266123873360293e+00,-1.716021039769020007e+01,3.167570712593299032e+00
1.046719748125188421e+00,-6.560035321029856981e+00,1.157749194131739401e+01,-7.674294115090691371e+00,-1.683779592766841660e+01,2.452940763810465441e+00
9.177237559051899529e-01,-6.122352467389970521e+00,9.509837226795976761e+00,-6.560563145165200893e+00,-1.670911543402379706e+01,3.310128170178959994e+00
8.484268834243643420e-01,-6.075361597239166578e+00,8.834936091090586530e+00,-6.698994697506703844e+00,-1.605393965726594629e+01,3.281777366583282340e+00
1.453196328440046425e+00,-6.453112049836200903e+00,1.313601275656644241e+01,-6.280737572480694197e+00,-1.704369247483634808e+01,4.032444269256212799e+00
-8.905845158471114686e+00,-6.353435308303091666e+00,1.100981234746127591e+01,-7.355796028125285879e+00,-1.696854807247409980e+01,3.533798129567303992e+00
-5.146887196194757763e+00,-6.290890855549549521e+00,1.025345674008581653e+01,-7.079918419797401441e+00,-1.528894660281454598e+01,2.722576558485405140e+00
-7.114782087695631141e+00,-6.263381996302681110e+00,1.116276304374454575e+01,-6.094032418482886015e+00,-1.550030292738746951e+01,1.752578973216015301e+00
8.850853270081796564e-01,-6.570017223468378909e+00,1.043117827749949278e+01,-8.642602966933635500e+00,-1.695768006488933821e+01,2.780196564622209543e+00
9.332815572071445631e-01,-6.166384533379021704e+00,9.978229124548171569e+00,-6.460525343984258484e+00,-1.698003715120917434e+01,3.057070407792970013e+00
8.833905192071529466e-01,-6.328091883760117220e+00,9.647247974193023268e+00,-7.703319507792492082e+00,-1.650926259703724597e+01,3.065144529520974270e+00
4.516842182980588816e-01,-6.457120571666075115e+00,1.122969179254189775e+01,-7.533854064192990307e+00,-1.434643601532516932e+01,3.995235187237434982e+00
8.846638519047821392e-01,-2.138383071397008006e+00,1.090660731843958686e+01,-7.538752952253876316e+00,-1.731421240768404601e+01,2.955898475829132899e+00
8.827596906027884716e-01,-6.109667028420974866e+00,9.749375922196842126e+00,-6.107861380083831726e+00,-1.608519921823849685e+01,2.627623374436682369e+00
1.072691194584079355e+00,-6.088211516275986668e+00,1.055408103587921431e+01,-5.908426533466343500e+00,-1.815981828553221078e+01,4.241054826187371951e+00
8.486067107886449135e-01,-6.454625281019587213e+00,1.080593797618331919e+01,-7.342230396070211995e+00,-1.640948256129112082e+01,1.688794836448974435e+00
9.259263696093303908e-01,-6.491744877085785959e+00,1.090603633864145650e+01,-7.766794171843513617e+00,-1.745579592050874851e+01,2.513231513939504946e+00
1.211514103967448852e+00,-6.291062183116128637e+00,1.187576549138744042e+01,-5.985699294107150514e+00,-1.731968080664694654e+01,3.318731496251611457e+00
8.828151771405919890e-01,-6.371050520049525545e+00,9.792688587925852062e+00,-7.729030791745775453e+00,-1.569938499860433545e+01,2.657550302325009106e+00
-2.807630875949143068e-01,-6.688049007077474961e+00,1.164328525149034554e+01,-8.630229611686431213e+00,-1.464503141323752367e+01,3.507006053676646307e+00
9.395525985107732181e-01,-6.238234639929101988e+00,1.079500787476230883e+01,-6.104853941111168858e+00,-1.665367654608431636e+01,2.183799349912947996e+00
9.379119125801388401e-01,-6.120440154938765254e+00,9.285134730617295773e+00,-6.913240437745591827e+00,-1.750274487932275136e+01,3.968007713926394953e+00
9.948710774340058238e-01,-6.317855169939520898e+00,1.003837124266631342e+01,-7.633758179701688462e+00,-1.787957439072416221e+01,3.878673595355234038e+00
9.099509327375487899e-01,-6.387258598339060178e+00,1.063755065827543156e+01,-7.196137765094446692e+00,-1.665753258630920541e+01,2.301464459249680239e+00
8.914501812077373355e-01,-6.193519216321069720e+00,1.045755129437735675e+01,-6.180105291259740063e+00,-1.750096270448649349e+01,2.481385249721424824e+00
8.177074777928162730e-01,-6.179427415037422655e+00,9.761258386148249144e+00,-6.424307747217856246e+00,-1.597073420488914230e+01,2.163583537081716912e+00
9.572066512593283560e-01,-6.884469672817988162e+00,1.155775894959345962e+01,-9.865253377440211580e+00,-1.803485526266586092e+01,2.625382742019884752e+00
8.333865643898402675e-01,-6.392448244730447371e+00,9.655806519282686295e+00,-8.031030844284742898e+00,-1.615283139891371178e+01,2.829490966077770508e+00
1.297467815385689560e+00,-7.199922725695785175e+00,1.329420470078881777e+01,-1.044563195437936010e+01,-1.542794369779626429e+01,2.430151240050411943e+00
1.159654465272201174e+00,-6.758574975462480872e+00,1.201906609797402403e+01,-8.878526917019174292e+00,-1.766651776065846136e+01,3.301365629736447982e+00
9.866819315951042002e-01,-6.484002579759537532e+00,1.068085708484609953e+01,-7.835357320584201979e+00,-1.607068763018541802e+01,2.653490559362635892e+00
1.067840986240585099e+00,-6.506758298143665797e+00,1.086286040965335964e+01,-7.780144477335852571e+00,-1.494494981940652423e+01,2.620731399705579445e+00
9.115149727813702807e-01,-6.318749205057410556e+00,1.017800422274483196e+01,-7.288810732066508535e+00,-1.693981288275838537e+01,3.059319861118453332e+00
9.332656363788884857e-01,-6.189349241476633345e+00,9.564224628519003346e+00,-6.853629721438216471e+00,-1.585324736725539196e+01,3.114469141848081879e+00
8.412219506097119437e-01,-6.231821441422240149e+00,9.401193055889605077e+00,-7.344965336773301878e+00,-1.668775774420585023e+01,3.345477354526260605e+00
9.548357085934954247e-01,-6.168134460337515890e+00,1.060767194428209415e+01,-5.683788620479321096e+00,-1.550618970267759167e+01,2.003296519896296868e+00
8.852082345180328771e-01,-6.587107120319950937e+00,1.034404582736859268e+01,-8.736988403397671021e+00,-1.647325081369694999e+01,2.578807110881177866e+00
9.623182766195499394e-01,-6.225095718746049833e+00,1.070307016011798318e+01,-6.081344663426792252e+00,-1.540333774383302767e+01,2.437285524540633741e+00
9.030415562254290318e-01,-6.089376861561572873e+00,9.906819055244984185e+00,-5.753972429710670689e+00,-1.546543365674221882e+01,2.309510667299748299e+00
9.477242878572887941e-01,-6.323245286623126127e+00,1.024440409139625885e+01,-7.022633362027517201e+00,-1.530310389202648658e+01,2.421996269964236337e+00
-1.331489210675935730e+00,-6.657169377095682350e+00,1.202911497581233746e+01,-8.019160040356140939e+00,-1.648757133972288358e+01,2.405879411809356494e+00
1.033428687156202841e+00,-6.377089908411345043e+00,1.083938446862224758e+01,-7.090554657255053961e+00,-1.620366444463058997e+01,2.825784470571484075e+00
1.094397748544524651e+00,-6.254565185508434766e+00,1.035151508109921359e+01,-6.831012645741921574e+00,-1.589552342728796575e+01,3.605750438222726117e+00
1.441042215279848770e+00,-6.641259718831637571e+00,1.138323792773556598e+01,-8.635904032885679982e+00,-1.398323407957147424e+01,4.352963355375786492e+00
4.589270268370681527e-01,-6.273878666085716205e+00,1.173421669299771786e+01,-5.701663850508836617e+00,-1.777510995084134038e+01,2.018963140983343951e+00
8.956414466013649101e-01,-6.676679721455881733e+00,1.056699713287494014e+01,-9.173791203255911242e+00,-1.678025324202981849e+01,2.610394842023805229e+00
9.082359192840716577e-01,-6.164203847808518155e+00,9.405280403471843798e+00,-7.011132488946357100e+00,-1.731940245042429538e+01,3.618705234370639179e+00
8.135402396635452726e-01,-6.327980665763328183e+00,1.008513964850727440e+01,-7.525453968366789148e+00,-1.701350144056108959e+01,3.481127585222648868e+00
8.284261099220748825e-01,-6.186207429419019910e+00,9.306951660406227234e+00,-6.905982000614669936e+00,-1.581295892138880177e+01,2.668464352753129099e+00
1.092743491344650542e+00,-6.464507743563102871e+00,1.029586687308985304e+01,-8.153327631756443594e+00,-1.525169371210847835e+01,3.525596764642898062e+00
-5.138847420260476140e-01,-6.418818559201969975e+00,1.133331544445145411e+01,-7.656592730792034729e+00,-1.611215410554800442e+01,5.257461764314188102e+00
8.005529522932072206e-01,-6.569022995973802459e+00,1.023707171552737272e+01,-8.405821631630258750e+00,-1.523689213075650706e+01,1.662954066204050285e+00
9.194406362538307675e-01,-6.581838732050963259e+00,1.097120579270993623e+01,-8.235321766294848800e+00,-1.708225543221529108e+01,2.354956847448061552e+00
8.592028168697392054e-01,-6.245427231280631375e+00,1.054164139501692965e+01,-6.298175521903484508e+00,-1.686713033795948391e+01,1.999136918788326556e+00
8.236171390939559522e-01,-6.421255616808184463e+00,1.144900091505268236e+01,-7.246841492014738151e+00,-1.682893259078101877e+01,3.895419968808862876e+00
5.151152122290806323e-01,-6.446218306436906964e+00,1.147761448953310826e+01,-7.329833162220878329e+00,-1.576510090834252864e+01,3.861424633594768174e+00
9.740334977180079568e-01,-6.653388076375060578e+00,1.319499167334236134e+01,-7.308702886018908274e+00,-1.761880474315994860e+01,3.017982940217594834e+00
9.001902114364762619e-01,-6.593930444148613290e+00,1.046563562964087168e+01,-8.716314786904410639e+00,-1.666838447325336858e+01,2.626762062827372901e+00
8.099906302743351549e-01,-6.168341426805390881e+00,8.788729275102070915e+00,-7.180412305697434938e+00,-1.524560630865466848e+01,2.874395344369245819e+00
5.903337206121991310e-01,-6.293181924058948162e+00,1.015079726074509914e+01,-7.313512344438191093e+00,-1.751692992096082335e+01,3.569462838290817341e+00
8.505817721673126774e-01,-6.085507827868319453e+00,9.147290273788843962e+00,-6.491747279113587510e+00,-1.623488900589943640e+01,3.039118873533876997e+00
8.537832075736918602e-01,-6.394839209854344730e+00,9.781984277926559557e+00,-7.881718307267004064e+00,-1.580799820903497910e+01,2.604459574560260116e+00
9.226580663522218062e-01,-6.375516408520801370e+00,9.963843637076926996e+00,-7.869724045216174524e+00,-1.718196262549973952e+01,3.280230834674791485e+00
8.402014981808102467e-01,-6.339050103496095545e+00,9.548172577280844564e+00,-7.343622125630643538e+00,-1.302138295697103132e+01,1.805677327332592563e+00
1.100338321634717564e+00,-6.304515917013712389e+00,1.020442965564573967e+01,-7.520821324214137071e+00,-1.763175736740621957e+01,4.305959367353255907e+00
1.180130058526652093e+00,-2.197041693977731303e+00,1.322443745278311411e+01,-6.217611212193321357e+00,-1.825646309439420634e+01,2.574564306159234039e+00
8.272138238077346717e-01,-6.522980497059100102e+00,1.067422134199444272e+01,-7.954113922809542103e+00,-1.524827619335783879e+01,2.271205503705524542e+00
8.351214475021976336e-01,-6.357413121193765448e+00,1.019348700879541703e+01,-7.175211785677316989e+00,-1.543575011286289467e+01,1.972383548103558093e+00
8.946211590301107464e-01,-6.451932363348466204e+00,1.051008965719893240e+01,-7.681133292158386361e+00,-1.636579306154568769e+01,2.293201876663945260e+00
9.244978999761125360e-01,-6.043981502924281379e+00,9.033995459854557097e+00,-6.462244713087803127e+00,-1.633415386354528565e+01,3.649332300183958377e+00
9.177307428110870191e-01,-6.394492638537847107e+00,1.004251481893997244e+01,-7.888870136248158360e+00,-1.702971995962722573e+01,3.127500031935736668e+00
9.260849150737915370e-01,-6.284364664965347735e+00,1.062727853222123287e+01,-6.464570427575836220e+00,-1.604935576443542899e+01,2.100055237642617811e+00
1.051445646306021109e+00,-7.094745281172526674e+00,1.281298380419685756e+01,-9.923905332107686661e+00,-1.618219069166191204e+01,1.462176593259900681e+00
9.010639145432921548e-01,-6.467010434145457509e+00,1.087069429579664614e+01,-7.496520705993281908e+00,-1.482789956180622504e+01,2.524596052047425321e+00
9.873852184588907122e-01,-6.602506350564414817e+00,1.110724094217749780e+01,-8.385457548056580279e+00,-1.696908788211015207e+01,2.849453454692719045e+00
3.473657555021859022e-01,-6.459715230525784335e+00,1.073936771676254587e+01,-7.722988288066435558e+00,-1.602316149123636890e+01,2.917903783046630117e+00
1.178881402737008255e+00,-6.474024051436509275e+00,1.147986160340864537e+01,-7.418871040029691777e+00,-1.685640258802852642e+01,3.363608631691241690e+00
9.369287695558227158e-01,-6.748305647404828633e+00,1.120581898992906567e+01,-9.284317933096895459e+00,-1.787325618138307703e+01,2.807614391940420617e+00
8.559279987737544726e-01,-5.912119343928746495e+00,8.985233002359771959e+00,-5.439139056277672246e+00,-1.522364509223610796e+01,3.006111705357822128e+00
-7.268909852183664810e-01,-6.336378629022872744e+00,1.113242917401535870e+01,-7.009895794971547467e+00,-1.595457775325816563e+01,4.204202094350009133e+00
1.027020881972612765e+00,-6.313979646674764190e+00,1.132510391055975774e+01,-6.163038306335063332e+00,-1.586663757036138556e+01,2.168227445559297362e+00
7.404557694430232706e-01,-6.160655254971478811e+00,1.063472492631717792e+01,-6.184430843380060772e+00,-1.607866324221506815e+01,4.132050462135714142e+00
7.724067534605387753e-01,-6.295505827094417306e+00,9.866093413916566135e+00,-7.394047599573152496e+00,-1.645795522674177747e+01,3.275961081549752407e+00
1.078156340746178499e+00,-6.557283429570411215e+00,1.108186600575651326e+01,-8.559305668971685321e+00,-1.587368401380336635e+01,4.881957701364321167e+00
1.312681735366760805e+00,-6.560769430592188201e+00,1.141002558196209016e+01,-8.122113783684220323e+00,-1.575922729514397069e+01,4.024615564076098551e+00
8.830725654190335616e-01,-2.255184098473714815e+00,1.039022833834252424e+01,-8.627199860714521051e+00,-1.653680655953969492e+01,3.038327817804514108e+00
1.012100275289233409e+00,-6.439475230394680061e+00,1.127839964871465384e+01,-7.251365184848153511e+00,-1.781688356840107801e+01,2.772608099169236784e+00
8.594421045008897586e-01,-6.380684648902843925e+00,1.019741052318542707e+01,-7.523734158459366661e+00,-1.544674272857580100e+01,2.789060425915291130e+00
7.761824689308762792e-01,-6.278087171869834116e+00,1.070939952383282190e+01,-6.222940276496708556e+00,-1.506268080728789016e+01,1.717365030360902933e+00
1.149316093010333217e+00,-6.250768343580912045e+00,1.016249799391192354e+01,-7.094685242487666521e+00,-1.629667958879457501e+01,4.145065636878038973e+00
9.644609832632387025e-01,-6.217183959602445853e+00,9.782349135411775976e+00,-7.022334756664987410e+00,-1.686997879899835340e+01,3.484706882102542203e+00
1.042800449719833544e+00,-6.148286735697753969e+00,1.208077533386333791e+01,-4.386786676098579640e+00,-1.629217277857268797e+01,1.332255619756389953e+00
-1.230384428991192491e+00,-6.377974763341182296e+00,1.050831449274829055e+01,-7.345363912136141593e+00,-1.542507539762228852e+01,2.761186612516804306e+00
9.276763871097000180e-01,-6.385993857087405523e+00,1.015600813671100866e+01,-7.671627269427385265e+00,-1.621190925076281530e+01,2.973059024006743822e+00
1.697902417349064885e+00,-6.667271854399891673e+00,1.289544652724702267e+01,-7.798080467989319864e+00,-1.427099788058068164e+01,4.593838499631899275e+00
9.663850063369701093e-01,-6.722031419379993267e+00,1.231410643646096226e+01,-8.083291942468971314e+00,-1.812870868064511498e+01,1.755914420821931499e+00
8.551672040155472443e-01,-6.166714267695047269e+00,9.774709348726799973e+00,-6.339499023928423682e+00,-1.533536987269803298e+01,2.328669175379380896e+00
8.794393655842138724e-01,-6.254586544499206369e+00,9.479841480023782907e+00,-7.345743858377632662e+00,-1.631640351483458318e+01,3.074813525578472539e+00
1.078963853527102668e+00,-6.201635984951495928e+00,1.117906607305970290e+01,-5.792121420416119548e+00,-1.647538464888465981e+01,3.013244611421171726e+00
9.532585558449512275e-01,-6.389693648916343172e+00,1.076796355622160206e+01,-7.293243650018375490e+00,-1.761378755710709143e+01,2.799275547396717911e+00
9.169104238524456996e-01,-6.231864171811150044e+00,1.055485677756545115e+01,-6.449933822530300453e+00,-1.668880987016073547e+01,3.039734613441728239e+00
8.494269772969745835e-01,-6.548740550009118699e+00,1.000003809614209871e+01,-8.675830809408759947e+00,-1.589094275973008941e+01,2.457685768164828310e+00
7.979231398839334855e-01,-6.444894882770680233e+00,1.185492494608075553e+01,-6.859131487752994971e+00,-1.510966262407796989e+01,3.255546203965730800e+00
1.173258437980261304e+00,-6.215798024917924103e+00,1.032328681614516164e+01,-6.962245822516925919e+00,-1.772627626499187414e+01,4.659633714808748550e+00
8.920362437544586687e-01,-6.200808501047993637e+00,9.964602015567734838e+00,-6.581630957426492401e+00,-1.661384237416089249e+01,2.697559506186679279e+00
9.676029609090639472e-01,-6.520737630550867081e+00,1.090827549468296809e+01,-8.111225106265253615e+00,-1.806049032878469163e+01,3.036135977146694476e+00
8.884093732175997182e-01,-6.397482925160545619e+00,9.739214636760406663e+00,-8.105022970338907840e+00,-1.667575785066619432e+01,3.129315203475220297e+00
9.493989375567964961e-01,-6.325129474334451274e+00,1.001544704407528563e+01,-7.627008716658175480e+00,-1.785962914844131433e+01,3.598559501228853819e+00
8.640130381991774078e-01,-6.320646106436556444e+00,1.063835372894234155e+01,-7.090462708944808234e+00,-1.668324874320316553e+01,3.572814819026512989e+00
8.410772853792307657e-01,-6.347697742323735959e+00,9.609978013629596916e+00,-7.696892712022178173e+00,-1.578903618663078667e+01,2.581608995842349596e+00
1.020465075545319289e+00,-2.110524991770605485e+00,1.075981066115226881e+01,-7.272916581225321586e+00,-1.470723531152675534e+01,2.764166722635972739e+00
1.211173816596568864e+00,-6.283226423632384261e+00,1.129129790551866286e+01,-6.664191553090051734e+00,-1.530869793282534808e+01,5.017436553994741644e+00
9.247462236727160834e-01,-6.321691915136701034e+00,1.201257128629366555e+01,-5.436600644329049992e+00,-1.657096597675984384e+01,8.422505724120666892e-01
4.169694095292852398e-01,-6.220907516833737994e+00,1.088837428141109420e+01,-6.350295024174906544e+00,-1.609473610498521268e+01,3.932605907243805099e+00
1.109098476459206006e+00,-6.146241963439782907e+00,1.021801997812302254e+01,-6.197342919672141903e+00,-1.459728651882775807e+01,3.735087464962188353e+00
8.593070713221190315e-01,-6.279234103244444753e+00,1.007793258754136900e+01,-6.768858265633554083e+00,-1.537025681525056520e+01,2.029316134642743297e+00
9.074702529983946775e-01,-6.350674014696714664e+00,1.035981862179325930e+01,-7.200941515927824277e+00,-1.652320995893847666e+01,2.495811943081181816e+00
1.112887184249157002e+00,-6.368010621476335231e+00,1.138816900672359189e+01,-7.000096064484831793e+00,-1.763539331020748335e+01,3.956871753422183335e+00
8.537496319197525052e-01,-6.344903174751397756e+00,9.955633074192343557e+00,-7.447152365032591703e+00,-1.637689340200718391e+01,2.507620140998233271e+00
8.577370316415243723e-01,-6.297317780844258195e+00,9.683253336148636592e+00,-7.377611766910909807e+00,-1.619424416228891062e+01,2.711343075623527277e+00
9.143989757454270562e-01,-6.347619573302281992e+00,1.054921484209886096e+01,-7.063557386109912350e+00,-1.691200338328823705e+01,2.477665743694938527e+00
9.402439494308848511e-01,-6.150701683200304970e+00,1.051777502744712756e+01,-6.019130958689756561e+00,-1.775745187916296430e+01,3.052814815308818819e+00
1.122330543172380235e+00,-6.349183181387804353e+00,1.108216640543107623e+01,-6.644850633284973718e+00,-1.516469434331149557e+01,2.675968832473373027e+00
8.610867739044841818e-01,-6.243901120067378407e+00,1.036375316914702438e+01,-6.567289823560420459e+00,-1.728924712182636725e+01,2.522478186184577975e+00
1.046001048880863982e+00,-6.111124858208986765e+00,9.453889811361561257e+00,-6.517235848684054922e+00,-1.508285063674771997e+01,3.632321879112772489e+00
-2.563782960374638709e-01,-6.483733531213636603e+00,1.064167225861612209e+01,-7.883922774405843548e+00,-1.512518975792311160e+01,2.787958989504552676e+00
6.859307812951364047e-01,-6.432145451805163283e+00,1.064530971154234784e+01,-7.638971924183374895e+00,-1.624677627434503080e+01,3.013808724233085545e+00
8.094428106443747328e-01,-6.073494234435202976e+00,8.654566172033421267e+00,-6.688196912157280849e+00,-1.528528836953791981e+01,2.934121500490496803e+00
-2.667205975354595360e+00,-6.375021491760825221e+00,1.068944595553155530e+01,-7.530971664354265016e+00,-1.605562279893982591e+01,3.776213447083692554e+00
8.804361627792279821e-01,-6.246451491011528745e+00,9.744027540264616150e+00,-7.123619979130639379e+00,-1.692368278448004659e+01,3.011010563007779250e+00
9.208798639034138089e-01,-6.303475251710128013e+00,9.638601756083858163e+00,-7.717498503716059055e+00,-1.725825654361270622e+01,3.570621771957547264e+00
1.204668842018247865e+00,-6.325148145195348626e+00,1.059441267311222745e+01,-7.489442096486198075e+00,-1.791745848587033407e+01,4.712976938128969451e+00
9.682417870593491571e-01,-6.720920393958434325e+00,1.101075107838901168e+01,-9.351043763953594379e+00,-1.815843429735317827e+01,3.164173493375189494e+00
1.390862970320224878e+00,-6.251071259896608723e+00,1.198138103073187288e+01,-5.891314766824553573e+00,-1.702785243379778635e+01,4.349893481055429056e+00
9.232801818253983939e-01,-6.365238718626406111e+00,9.839216368366960452e+00,-7.961071348482305687e+00,-1.736622040781062637e+01,3.516060911546920575e+00
8.193496329908555031e-01,-2.095371491062567593e+00,9.908638879627423179e+00,-7.922305175988705095e+00,-1.587294462368059200e+01,3.061907746387185991e+00
9.218229168452541922e-01,-6.298928672606521673e+00,9.785549029337053284e+00,-7.496912418685130142e+00,-1.691566811549381200e+01,3.292878752950172849e+00
3.011896736423793630e+00,-6.584986889391185372e+00,1.469009265187972701e+01,-7.229717549446622371e+00,-1.100364721834516324e+01,1.039817635974280563e+01
9.858505131297312651e-01,-6.266105197467264354e+00,1.015272206972188407e+01,-7.208842649988989493e+00,-1.810470698073056894e+01,3.771478247232932013e+00
1.023149809260415211e+00,-6.597170122170421536e+00,1.115271273649357475e+01,-8.202659897359401597e+00,-1.619603677226703553e+01,2.552595072609490590e+00
2.665815664830045173e-01,-6.468169936740209458e+00,1.135803616458738396e+01,-7.857162728608761526e+00,-1.798979538451688853e+01,4.565319239647116056e+00
9.799508354916964814e-01,-6.388333712506947926e+00,1.129740360022892709e+01,-6.808126592700878277e+00,-1.758069307837671857e+01,2.401661675221438585e+00
9.009033997911573000e-01,-6.452061138570272192e+00,1.041588945567145608e+01,-7.829741251771534571e+00,-1.668570943195838296e+01,2.550709531269554908e+00
-1.595434545330126630e+00,-6.362227894431769393e+00,1.270837021252389221e+01,-6.005199592081624793e+00,-1.640968652752141921e+01,3.778597641682921005e+00
2.723338742951283975e-01,-6.496277903769114737e+00,1.120111077063572225e+01,-8.030940704242123473e+00,-1.664547826033289724e+01,4.388921115989854016e+00
8.585327018110595620e-01,-6.030364778858969821e+00,9.641243124445544765e+00,-5.584807765365814802e+00,-1.571428298797133571e+01,2.325253923501256370e+00
6.564483666320869437e-01,-6.328623758700016033e+00,9.989029354258912363e+00,-7.514088473159472592e+00,-1.613217132406540699e+01,3.315765750396022504e+00
1.135207832377126635e+00,-2.026964280162474541e+00,1.123328971798309972e+01,-6.452447395034165645e+00,-1.474496905418420845e+01,2.960071566909749929e+00
1.077335043728259834e+00,-6.534853033975442038e+00,1.112158225607855400e+01,-7.786600578530546990e+00,-1.510676303747817606e+01,2.629834808154960069e+00
1.099572477173134111e+00,-6.417195387964277131e+00,1.115314393224957179e+01,-7.124649596843194210e+00,-1.582303805063951785e+01,2.919636039915378678e+00
8.371387050822510778e-01,-6.726511327943265783e+00,1.090984661126797128e+01,-8.962809816847107314e+00,-1.600199610988994436e+01,1.623100223459212010e+00
7.126015721415231985e-01,-6.344942561007033355e+00,1.050968527172867084e+01,-7.338072159192714494e+00,-1.736502077873521444e+01,3.412848442591333686e+00
8.728552674039355974e-01,-6.336388711694643128e+00,9.962956558066338175e+00,-7.669092939963133126e+00,-1.739889626857554106e+01,3.419807954815787365e+00
1.041474781794689664e+00,-6.493004601999604830e+00,1.113974958796626602e+01,-7.523902695634825832e+00,-1.550140241952948728e+01,2.607257705779983947e+00
-7.587747652255369957e+00,-6.340989523975302689e+00,1.132137914475577212e+01,-7.014841466901985179e+00,-1.588254092241611737e+01,3.773644262728898191e+00
9.206919309220038539e-01,-6.137711554165504957e+00,9.956945932805849608e+00,-6.263058383619650726e+00,-1.662786886365694627e+01,3.011516516839928936e+00
9.894877912552431098e-01,-6.314306486283732589e+00,1.109250920433639465e+01,-6.374154856459709251e+00,-1.623866291593927613e+01,2.261175236454492588e+00
9.020128521484672701e-01,-6.207733441839147659e+00,9.517834587343607211e+00,-7.180662383411942962e+00,-1.718223995626014755e+01,3.534705151799776957e+00
7.318712702133046699e-01,-6.283884633404933417e+00,9.822944875075085847e+00,-7.380513250812232862e+00,-1.675354705789327880e+01,3.327177329569443565e+00
1.504703621123937740e+00,-6.334781104819871445e+00,1.379483671449260385e+01,-4.790977268576254389e+00,-1.672244401681445680e+01,3.025761279296247608e+00
8.876388389047041860e-01,-6.457615654536112082e+00,1.016864187733054870e+01,-7.912133614016839900e+00,-1.547754635649743271e+01,2.295571855059096666e+00
8.397656780198515802e-01,-6.338618214637452120e+00,1.118857745061099784e+01,-6.318577475759169282e+00,-1.708651279780411159e+01,1.486246278927394027e+00
9.150813835818782938e-01,-6.261805028398546469e+00,9.832264261667372551e+00,-7.136842301208777606e+00,-1.651104510407884973e+01,3.015817582391693286e+00
9.907519576228029923e-01,-6.582540822034444794e+00,1.104348415347839918e+01,-8.297773765586216044e+00,-1.716295546170355735e+01,2.785338462552390482e+00
1.147279566904259474e+00,-1.954178573653555961e+00,1.030874214433115199e+01,-7.135274068517849955e+00,-1.607468057350300938e+01,4.650787640770608355e+00
9.299094843668737065e-01,-2.309439481666288430e+00,1.222672472978624292e+01,-7.500808026765491299e+00,-1.714204941208746291e+01,2.223569777984869766e+00
8.378278003167504151e-01,-6.589449676533968514e+00,1.045637333475685615e+01,-8.406192172649600280e+00,-1.535986879212206802e+01,1.743719906830465405e+00
9.696351959654145869e-01,-6.290207088751285092e+00,1.262863331306785319e+01,-4.647887774270939687e+00,-1.619067271715081446e+01,3.196949887878751118e-01
9.346154381399992550e-01,-6.253472890612925106e+00,1.020615205544403636e+01,-6.890568370566301226e+00,-1.749202601677335522e+01,3.093752645133670764e+00
8.893357202846797760e-01,-6.507868580367730083e+00,1.043762259559372296e+01,-8.089439828158948131e+00,-1.620100183644577641e+01,2.330770884677094479e+00
8.554161638641277765e-01,-6.554414015964946216e+00,1.015598430154360976e+01,-8.592634135969397846e+00,-1.603864450593138713e+01,2.390678340068868035e+00
9.114728443208854891e-01,-6.258879570121310465e+00,1.006400793436164420e+01,-6.969334032979555893e+00,-1.709124153178150252e+01,2.951075041262254395e+00
1.017824827849205915e+00,-6.413781434682333860e+00,1.156138133937223245e+01,-6.808628758075568221e+00,-1.776918142928115785e+01,2.467451399989918581e+00
8.321647695094320785e-01,-6.225102133952087335e+00,8.928893783515210458e+00,-7.503441063682245726e+00,-1.557767552066234629e+01,3.049301803125154642e+00
9.456080844553089726e-01,-6.425756613873871537e+00,1.031050583454690539e+01,-7.998594654289369110e+00,-1.785293343964414703e+01,3.356227471366321158e+00
8.728563408814189462e-01,-6.567278080565476017e+00,1.054230694986657824e+01,-8.373401434668080512e+00,-1.633821314247643741e+01,2.217070462641359097e+00
-3.856614665758206217e-01,-6.245394823108567195e+00,1.014052200273908788e+01,-7.145131130434239530e+00,-1.822312750339149900e+01,3.808290412568180017e+00
6.276136572765954602e-01,-6.156016307846591928e+00,1.026794827942521593e+01,-5.788832600958446761e+00,-1.529338349920162976e+01,1.772807081928740924e+00
8.415174021325733111e-01,-6.531771577659310601e+00,1.000347318402024577e+01,-8.525532621357553964e+00,-1.573912048183118095e+01,2.329691449132925918e+00
9.248652501918803726e-01,-6.705492865233598110e+00,1.084090779530892767e+01,-9.230739317645417330e+00,-1.737322198209785640e+01,2.756570042377127550e+00
9.074459730002977231e-01,-2.182358645070673120e+00,1.098084046932912017e+01,-7.733700450191419051e+00,-1.739478570807355595e+01,2.810271260933993265e+00
9.065393351403761013e-01,-6.348246966333851660e+00,9.783927829772524731e+00,-7.835008565592620045e+00,-1.716127564032732877e+01,3.329300964135919472e+00
8.584543499747435691e-01,-6.587228643048325338e+00,1.013739861043794477e+01,-8.835544610221360173e+00,-1.605792464335674907e+01,2.470104143338338609e+00
1.464292289527348911e+00,-6.641891265428789382e+00,1.194041143389036996e+01,-8.636016798866448241e+00,-1.518443178990651354e+01,5.665850448979401044e+00
8.336720130176724641e-01,-6.437015220812874361e+00,1.064245034511367649e+01,-7.642021777016334561e+00,-1.711438048620880181e+01,2.724812605804940446e+00
8.669624866587504197e-01,-6.425224828686981304e+00,9.801927215635529933e+00,-8.079010833021127880e+00,-1.588395075448092797e+01,2.661436216560934209e+00
9.602162395236780723e-01,-6.144386279481179436e+00,9.692913738046719629e+00,-6.769391793387808498e+00,-1.761279574057958186e+01,3.916267413377196416e+00
3.612887795934560109e-01,-6.374465683400883265e+00,1.034252358679901818e+01,-7.724359399732447784e+00,-1.755084596134391717e+01,3.648211596006727842e+00
9.867049562000396179e-01,-6.464214072361288643e+00,1.119105535688850850e+01,-7.420936833450273440e+00,-1.755486164652804604e+01,2.625569319382102140e+00
1.234803119736291421e+00,-6.372794039160067925e+00,1.076068579540280190e+01,-7.347058020853910243e+00,-1.550979402180216482e+01,3.918521348801093040e+00
-2.119604841576152143e+00,-6.493843245157141730e+00,1.456660157564619773e+01,-6.413496607445066111e+00,-1.305039041687110490e+01,7.995424263709136170e+00
-2.164886809236784782e+00,-6.281021909950464277e+00,1.008181519218993749e+01,-7.423131870934066789e+00,-1.671663726981006093e+01,3.942315647126224842e+00
9.515960187742819043e-01,-6.249643889088445370e+00,1.003408328590446708e+01,-6.793004811643383434e+00,-1.562686276311710820e+01,2.715504837364629331e+00
1.064711640256420067e+00,-6.225693932637419437e+00,1.068712286951878809e+01,-6.291837122970657781e+00,-1.607768375184502574e+01,3.089884693757145584e+00
9.255609398781867725e-01,-6.485297769518851396e+00,1.059005267093038505e+01,-7.713052965345072565e+00,-1.523835366521763746e+01,2.042542615882435797e+00
-1.181183558246755583e+00,-6.526261210857407846e+00,1.100850711642048552e+01,-7.671511510471410666e+00,-1.462658979961742389e+01,1.877868004858000317e+00
8.225822908226333441e-01,-6.407677264512748216e+00,1.117371286599443536e+01,-7.361782477117250423e+00,-1.715897704197880813e+01,3.850175398291967088e+00
9.938614882392046157e-01,-6.728001459815890151e+00,1.202876582926398541e+01,-8.444389214718500014e+00,-1.782678812174951233e+01,2.311063224829212892e+00
1.329349955274832684e+00,-6.428380941492482847e+00,1.168860384045619050e+01,-7.172201040747872014e+00,-1.694318776862289155e+01,4.135375460691464333e+00
9.131437801002110222e-01,-6.448092576504642182e+00,1.044703839134169954e+01,-7.811363924982676288e+00,-1.681249168695300611e+01,2.641253076694433322e+00
8.785174351092226441e-01,-6.118346329717347487e+00,1.157449990628606251e+01,-4.735090057727475710e+00,-1.697016327238243605e+01,1.890113280192681433e+00
9.007059739099219087e-01,-6.231423679165155605e+00,9.762568978100503614e+00,-7.039822199243696232e+00,-1.692741436866024785e+01,3.113539151686128381e+00
9.429788695340599602e-01,-6.091084014854418527e+00,1.010988606786797561e+01,-5.948795963997980607e+00,-1.752297147482566686e+01,3.186855516128170418e+00
9.453889149014570448e-01,-6.504939125644604303e+00,1.035883900693934301e+01,-8.252438137930642625e+00,-1.629961504992461485e+01,2.822509239484055854e+00
1.001737657445587848e+00,-6.262703396490467256e+00,1.119232601573157204e+01,-6.066446059015627945e+00,-1.724356641223224784e+01,2.414045141600642985e+00
7.075941098779288119e-01,-6.207827642158015635e+00,1.015172752305336878e+01,-6.531850310800845882e+00,-1.556407704796343694e+01,3.053333557434458445e+00
9.138139459899596861e-01,-6.163136293654076781e+00,9.948089226903972460e+00,-6.485185671332134305e+00,-1.731942860675511753e+01,3.077692081814613179e+00
9.375653675568627055e-01,-6.308287772530082549e+00,1.094715774504527772e+01,-6.601553780317408915e+00,-1.764084922464054017e+01,2.605687261521538733e+00
8.769634609704707318e-01,-6.450583939587136939e+00,1.027141700842462235e+01,-7.774565109027854248e+00,-1.566152875039101744e+01,2.174045618162365745e+00
1.415157821631100044e+00,-2.508601238552723434e+00,1.261847793101102155e+01,-8.756479378386456958e+00,-1.479647990600857987e+01,3.855173969258297806e+00
9.275198632511333363e-01,-6.299338690069384405e+00,1.031958516721158858e+01,-7.132927734740481363e+00,-1.791650078351641184e+01,3.123594398798753780e+00
8.931790550547514806e-01,-6.103322062915186308e+00,8.856962152209749917e+00,-6.903508825450508368e+00,-1.582938979071592378e+01,3.504806549319758879e+00
8.791244551399555185e-01,-6.166837685025946314e+00,9.140068494538034827e+00,-7.129982755106954784e+00,-1.655915700652396438e+01,3.434861656877882030e+00
7.879948491806673116e-01,-6.137585711359495377e+00,9.965397543367146227e+00,-6.002574032262796067e+00,-1.601852103643815894e+01,2.106656083935016799e+00
8.524296939944231433e-01,-6.483103195629429827e+00,1.009055242140208719e+01,-8.198467360162682738e+00,-1.617022763596492396e+01,2.417265819611084332e+00
8.984164357266947176e-01,-6.607522098389027043e+00,1.068712169240409793e+01,-8.615428424185873624e+00,-1.686047509410854062e+01,2.461850253107368935e+00
1.041747780370916088e+00,-6.259494979874903109e+00,9.827635864220093609e+00,-7.133873036790210342e+00,-1.468029251170305827e+01,3.461904726026765911e+00
7.577906740645142802e-01,-6.474645886977370424e+00,1.058632438834340128e+01,-7.831923514579942847e+00,-1.685106094927819242e+01,2.412037620227224455e+00
8.841464200203068557e-01,-6.493799498618042954e+00,1.044867519285117474e+01,-8.101340664893525556e+00,-1.671587688433896801e+01,2.658231041445623166e+00
8.375769611559540362e-01,-6.702389566442151114e+00,1.084887472129932995e+01,-8.814653302460504491e+00,-1.566300997170082709e+01,1.545098855676237726e+00
9.527426111588470636e-01,-6.192686114966814870e+00,9.713204519716637009e+00,-6.899080631074417269e+00,-1.610277519851546657e+01,3.584132646257322641e+00
9.924742652268356835e-01,-6.046210133267981846e+00,9.314800744346642958e+00,-6.421361990774769879e+00,-1.660277128129319379e+01,4.177644250215125865e+00
4.571936291373996375e-01,-6.306872119676843802e+00,1.029556717001056398e+01,-7.379676689064760708e+00,-1.601620000485345940e+01,4.203956950958543715e+00
9.441099576088587408e-01,-6.415717762594699280e+00,1.019608512211857843e+01,-8.050941199839970253e+00,-1.792208507206538926e+01,3.482871222149453327e+00
7.924970113923617276e-01,-6.440614734647846618e+00,1.059552966130271834e+01,-7.590541917461335331e+00,-1.645475914491870029e+01,2.429570457341977630e+00
1.323770401698803223e+00,-6.324163973452676224e+00,1.210587932970270231e+01,-6.221186961752120936e+00,-1.771505250236207019e+01,4.001368858016972396e+00
1.091339539384358570e+00,-6.206629512473103460e+00,1.001035405891505192e+01,-6.729429233864947513e+00,-1.525726186566158482e+01,3.591558471369743710e+00
9.050172517540232553e-01,-6.461460657895950810e+00,1.095237550327825460e+01,-7.320380778012576251e+00,-1.584764202244339160e+01,1.971372349555422732e+00
1.708379769234769308e+00,-6.385691357814601510e+00,1.116043665906513382e+01,-7.908115469047955592e+00,-1.584562283229348267e+01,6.968750303866404927e+00
7.544836298638868399e-01,-2.209288058522791420e+00,1.006252704500462336e+01,-8.083444547905253685e+00,-1.410409514540822506e+01,1.605090616383559876e+00
9.913878527845444433e-01,-5.940051164333345568e+00,9.989320607350880010e+00,-4.885469479604472198e+00,-1.585125708433581160e+01,2.804869209094367655e+00
1.201870117136512262e+00,-6.483188771404686079e+00,1.094675556436738439e+01,-7.775580215292667852e+00,-1.504214146066172830e+01,3.440723005466171713e+00
8.327214895268505446e-01,-2.183274600008133781e+00,1.046478703031576174e+01,-7.932839821569031002e+00,-1.609179644632845552e+01,2.390775835374648217e+00
9.414213032410833071e-01,-6.171079421199597626e+00,9.785111278827981707e+00,-6.629715428758100160e+00,-1.601713335474201116e+01,3.276475666684504962e+00
8.547991375034222905e-01,-6.515808138542870331e+00,1.065197249439630056e+01,-7.941472462238359675e+00,-1.628368034430175371e+01,2.120475536365868052e+00
9.279127757346132821e-01,-6.454171555245120651e+00,1.012670141013967573e+01,-8.283040857315288719e+00,-1.748026644479126901e+01,3.327154423849439713e+00
8.281088819367703469e-01,-6.102679762194385127e+00,9.006513753228363228e+00,-6.587039774764019029e+00,-1.540801711515225492e+01,2.757749908117986148e+00
9.385462811995149979e-01,-6.122192250118198231e+00,9.196640789080191780e+00,-6.813263782370129640e+00,-1.611666037811999530e+01,3.569316817322738533e+00
8.712959570236622486e-01,-6.561644718329337600e+00,1.136599744585369010e+01,-7.460986671136985215e+00,-1.584032088499650470e+01,1.145833069226633194e+00
9.024594818350010206e-01,-6.166049409135948345e+00,1.066690339419366040e+01,-5.666311376802158684e+00,-1.577093465974009412e+01,2.090980013333758603e+00
1.081242451850364050e+00,-7.075826701054830359e+00,1.309335117779863999e+01,-9.414012838787416015e+00,-1.506107722943464644e+01,9.414089410419341775e-01
9.431599778209284191e-01,-6.788925407389136524e+00,1.278638554090007773e+01,-7.758083349132063766e+00,-1.624214302375974128e+01,4.851962408919515690e-01
9.862268290811893046e-01,-6.044206632560796599e+00,9.278229961108095836e+00,-6.522763073505829290e+00,-1.769952567164759927e+01,4.294481532803534840e+00
8.658132170279119189e-01,-6.310280882989067308e+00,1.023773349058157045e+01,-6.911993234171044165e+00,-1.601826740616177602e+01,2.125152603730537493e+00
1.429144893020177332e+00,-6.056794698576418057e+00,1.317177020164857559e+01,-3.221483658870696765e+00,-1.500210704616488755e+01,2.424505170175596191e+00
1.039809452013472635e+00,-6.136771756213447837e+00,9.671978810157522588e+00,-6.774357549245885401e+00,-1.724340678785718950e+01,4.161694177966309027e+00
8.736212900138176085e-01,-2.047437704726337682e+00,1.037522537818930779e+01,-7.209636052024934294e+00,-1.624202962785785331e+01,2.679951555579808797e+00
8.744936311124917871e-01,-6.575287558120366249e+00,1.056030853354894283e+01,-8.434333103588961933e+00,-1.649710069642954835e+01,2.273966780155269873e+00
-3.783983260807882054e+00,-6.402944531300190256e+00,1.115093538681846042e+01,-7.533774689198876828e+00,-1.732612786712757824e+01,3.966925084709331806e+00
9.224225211800067825e-01,-6.187557110006065564e+00,1.005800600968301772e+01,-6.402304919715558817e+00,-1.626182582372917551e+01,2.661943920943939723e+00
9.442265798997225845e-01,-6.537652209136541437e+00,1.042778963268238357e+01,-8.605271667726889007e+00,-1.773234799583191901e+01,3.289241463162101198e+00
-3.300782958870962513e-01,-6.529485463835686510e+00,1.025298696786338937e+01,-8.356691647796269606e+00,-1.590136727728383192e+01,2.233365985394135222e+00
1.016857197795645540e+00,-6.378840923429535792e+00,1.068118308856377041e+01,-7.194517014212827632e+00,-1.581985093550345489e+01,2.829429950501154867e+00
7.990855621765415862e-01,-6.335120187518088031e+00,1.041740972985034297e+01,-7.114910445239106984e+00,-1.581797319675517066e+01,2.850565392894560901e+00
8.890482742562236806e-01,-1.911655091098969805e+00,9.451300177799309310e+00,-7.284196752888767890e+00,-1.658361972753910507e+01,3.754881256259118061e+00
9.090944947473704740e-01,-2.216340091197773532e+00,1.087064621286701893e+01,-8.055041340035161923e+00,-1.730155184203240637e+01,2.938487229259460598e+00
8.859901191345669336e-01,-6.654878538469605864e+00,1.050282783582100166e+01,-9.003394552561278630e+00,-1.627234610109819002e+01,2.409733858568470666e+00
1.170116162419518213e+00,-7.085658195403802928e+00,1.274139089252976298e+01,-1.022285792853853970e+01,-1.684832776690598521e+01,2.563722435294643276e+00
9.574841010218397841e-01,-6.413534073965672988e+00,1.089907392783463536e+01,-7.280797027632299745e+00,-1.726813305721143621e+01,2.587260942488567750e+00
7.504327225052768169e-01,-6.717771794801597807e+00,1.060177627521669486e+01,-9.274344712131441071e+00,-1.616936346565297455e+01,2.174796990571828736e+00
9.222960223470290098e-01,-6.099437774778185606e+00,9.489800378020889937e+00,-6.368604862796062527e+00,-1.623949479817181540e+01,3.170453237062735408e+00
1.797966855486988758e-01,-6.580694079904711558e+00,1.245850757818115184e+01,-7.139206313176197582e+00,-1.622028356704116092e+01,2.302133670077453509e+00
9.384695142952567126e-01,-6.306588570003169636e+00,1.000542021057801456e+01,-7.439737631164986986e+00,-1.708000390346216335e+01,3.459240314963372143e+00
1.033227107729545624e+00,-6.375902150903450583e+00,9.932085427741062844e+00,-7.831353518484655218e+00,-1.479356592034386075e+01,3.556321426177912581e+00
8.429625870676472621e-01,-6.446817464393484798e+00,1.018069225688983437e+01,-7.780206228754923181e+00,-1.564672917316070766e+01,2.033816659953058714e+00
7.720593506485778912e-01,-6.529789937040798797e+00,1.057623867734008272e+01,-7.994972875660720568e+00,-1.505170101177366782e+01,2.017673132488524868e+00
8.746655520367374592e-01,-6.355067831290867275e+00,1.067034703463282419e+01,-6.832032503872591533e+00,-1.622807121312801470e+01,1.843997430728203657e+00
8.601940371847710542e-01,-6.199743658977719285e+00,1.000283848337765669e+01,-6.722603729893062763e+00,-1.692451015551253235e+01,3.328818964867625851e+00
1.208368579424671685e+00,-6.419513918645191275e+00,1.190453040258390516e+01,-6.611926821485394790e+00,-1.591497881474135312e+01,2.931968116619587228e+00
1.035850715860639371e+00,-2.193675621804698217e+00,1.080450112286008846e+01,-7.902958429000100260e+00,-1.539259059850681766e+01,3.148328096776318752e+00
9.526945169227868382e-01,-6.292396990522179934e+00,1.076890140708236387e+01,-6.403712618438774484e+00,-1.591172367924562359e+01,2.086011304883153450e+00
1.192012788963882297e+00,-6.307955533117869606e+00,1.174249654200005466e+01,-5.952882370002895662e+00,-1.592672174859795753e+01,2.673810031211301563e+00
1.025189488402943550e+00,-6.354405242073700499e+00,1.059273580591686148e+01,-7.392543715992251130e+00,-1.753744191508936368e+01,3.628868933794636042e+00
9.115892319185596726e-01,-6.364763394724707979e+00,9.962391716945687037e+00,-7.759214421311419585e+00,-1.702367428067377020e+01,3.140084853482705718e+00
1.310021852625312899e+00,-6.451092015054667783e+00,1.107262424708600435e+01,-8.291630446566458090e+00,-1.561951627117019825e+01,6.583280680723761158e+00
1.345552650155539487e+00,-6.736180526612118413e+00,1.275071589421065887e+01,-8.252691718838100599e+00,-1.575114085629773797e+01,3.879460829728132776e+00
9.184059811240219418e-01,-6.363565013234548928e+00,1.082700998724138231e+01,-6.958548493388412304e+00,-1.728289804216949577e+01,2.358240172471208318e+00
1.628140845325789510e+00,-6.457004551906945444e+00,1.267368355389382195e+01,-6.860993194453345545e+00,-1.562500444771260177e+01,5.278280809359882753e+00
1.297365561018156255e+00,-6.433215750876477124e+00,1.078571090845283642e+01,-8.014911079363146840e+00,-1.675912674707278782e+01,4.864688094201827795e+00
1.165189031164613365e+00,-6.514396630749449635e+00,1.128228892389085303e+01,-7.620430316130810233e+00,-1.521451582080507592e+01,2.931048079696053854e+00
9.134690538205211263e-01,-6.220212049339198579e+00,9.258314963091613947e+00,-7.370562771720658546e+00,-1.618484162045655950e+01,3.457040538482855307e+00
8.146694657508576354e-01,-6.270914481100374083e+00,9.735279615708599010e+00,-7.103372355192295373e+00,-1.605156982624057704e+01,2.458553580109918979e+00
9.079172217198425709e-01,-6.476388056349319022e+00,1.051489370728349293e+01,-8.042364683769200440e+00,-1.734386911534055997e+01,2.922688833374323725e+00
9.600801870208424127e-01,-6.387348152784108279e+00,1.031246910372835757e+01,-7.651929668223110603e+00,-1.705557503224105531e+01,3.126221695185554150e+00
1.675900321910312796e+00,-6.526610778774360355e+00,1.350469112595389909e+01,-6.629315217586446707e+00,-1.699480754197546162e+01,4.639918295142289040e+00
9.799080980169924127e-01,-2.210227611739782105e+00,1.133177295280513697e+01,-7.424844153525929080e+00,-1.550907028870144622e+01,2.271168728284501892e+00
7.973926128691338766e-01,-6.290102272061106170e+00,9.534492501295897426e+00,-7.238539216183923486e+00,-1.523559788933488512e+01,2.113385831928065617e+00
8.528577012505050847e-01,-6.551436822351751843e+00,1.229136131212039729e+01,-6.480213442314008532e+00,-1.595906844015635961e+01,7.082524464126606356e-02
8.683192257296740157e-01,-6.500641769369131850e+00,1.022927786033518771e+01,-8.260230104370961612e+00,-1.655182962435010552e+01,2.530746195355770389e+00
8.436915208129148747e-01,-6.307468794909363297e+00,1.009691829092490778e+01,-7.220654084936274586e+00,-1.537583005067506825e+01,3.172797750970291375e+00
9.700598724173127296e-01,-6.264004933441890799e+00,9.739560287522484927e+00,-7.492926977337284633e+00,-1.763772364301893347e+01,3.890178988438012464e+00
2.228871890447013671e-01,-6.625370744765154640e+00,1.102762986564824388e+01,-8.335098178835329108e+00,-1.578966605499070930e+01,1.991540146561796787e+00
7.699421998473280349e-01,-6.266437067919458315e+00,1.015642082546162150e+01,-7.057731198004455919e+00,-1.693922531744459903e+01,3.390336213176509350e+00
9.061904973659176132e-01,-6.590485448685810432e+00,1.183721425038225838e+01,-8.014781937912674792e+00,-1.799028524527279416e+01,3.513346463714305035e+00
9.292418522217866794e-01,-2.147543075348507635e+00,1.038404226917877082e+01,-7.994148706601618137e+00,-1.652028799889985322e+01,3.241925390197238688e+00
8.274523064881924572e-01,-6.370122814702334324e+00,1.023690629139849229e+01,-7.326887406892376831e+00,-1.607683203274879347e+01,2.240490506011106664e+00
8.885312292886470287e-01,-6.226126020635455838e+00,9.886100339982760943e+00,-6.859784895983779052e+00,-1.689303395884480352e+01,2.883028888727695360e+00
-3.330142078559023666e+00,-2.151192864384527059e+00,1.149508591642536359e+01,-7.562937623847106217e+00,-1.715010747445683137e+01,3.890913395294327781e+00
8.514536135489416679e-01,-6.298357102874215130e+00,1.063460891782142603e+01,-6.384759028348680587e+00,-1.551710250400172875e+01,1.547426945523308728e+00
8.785873766355855041e-01,-6.403421707147288089e+00,1.013105382307745650e+01,-7.702226618444645290e+00,-1.636264038793588682e+01,2.539973921495654263e+00
9.713720394342197917e-01,-6.801705128971111236e+00,1.199658514150724997e+01,-9.105893850957917479e+00,-1.781980161377336103e+01,2.989528570942832086e+00
8.923384093098705172e-01,-7.148363747893490938e+00,1.190027426314654058e+01,-1.096252940005991938e+01,-1.657356200510675137e+01,1.561224341044498365e+00
9.008744836180671012e-01,-6.327391957034857128e+00,9.918820474591379721e+00,-7.478656572608625375e+00,-1.661780441685787224e+01,2.931751677697712388e+00
9.006145788281028075e-01,-6.429293214695756653e+00,9.991767863845359088e+00,-8.000354163869774382e+00,-1.605201597730818008e+01,2.749362904659056639e+00
8.359605248148127554e-01,-6.140832000674617319e+00,9.246166728844521288e+00,-6.754243102683457067e+00,-1.604985969841209226e+01,2.997106642492233242e+00
9.646718217696814701e-01,-6.550207626950322215e+00,1.118840452340944047e+01,-8.255472018266013734e+00,-1.867912165976212080e+01,3.524284928385730709e+00
9.003579331943447617e-01,-6.222116923533230981e+00,9.606175858366198028e+00,-6.995097843832707163e+00,-1.598764601660246321e+01,2.930183754050510458e+00
9.205862511110456392e-01,-6.210731743144854100e+00,1.005030495112481326e+01,-6.872952272815417096e+00,-1.815214479353079824e+01,3.529184806698336008e+00
6.646466218263679115e-01,-6.288072627106612522e+00,1.212467437129556025e+01,-5.514770559103707726e+00,-1.675653879022005555e+01,2.262234149842633713e+00
8.985195669999158641e-01,-6.391706641610176654e+00,1.109455204917691695e+01,-6.708553231518688875e+00,-1.598514833932878076e+01,1.672419006041157896e+00
1.241243988489263872e+00,-6.658918742256752843e+00,1.143825272435628193e+01,-8.505241304358598597e+00,-1.460980213502804759e+01,3.371181130702067819e+00
7.530519370075086094e-01,-6.175424635228593750e+00,9.514913150152130683e+00,-6.799344838314523187e+00,-1.492279959734809225e+01,3.290337670242546420e+00
8.118611895792762212e-01,-6.519009345806312083e+00,1.050924080018236317e+01,-8.124669339468823637e+00,-1.648316165653232801e+01,2.319921878922484471e+00
1.986602238148794441e+00,-6.403895831820404894e+00,1.192814878947299029e+01,-7.571725723621644200e+00,-1.429760306810650228e+01,7.705766699766371630e+00
2.186868975593121878e+00,-6.636837298977370736e+00,1.357757067574920562e+01,-7.580747823719089951e+00,-1.313883215022688589e+01,6.748164045031638913e+00
-4.218137193425730125e+00,-6.426838516192183270e+00,1.121262832556332256e+01,-7.383624673555538642e+00,-1.586829134156432453e+01,3.186510150470300395e+00
1.193346375065349241e+00,-6.516043876117196376e+00,1.140908101039988054e+01,-7.731186416639712178e+00,-1.645052506841559392e+01,3.431152668716572762e+00
1.212067457568791529e+00,-6.382829149059959128e+00,1.197000377182050634e+01,-6.332141625543424190e+00,-1.502651431329653064e+01,3.125577436848280488e+00
1.221143388344099856e+00,-6.189733629363233902e+00,1.013425923871211332e+01,-7.121543340219131935e+00,-1.769421006059744883e+01,5.442256648027035126e+00
1.116426587564288031e+00,-6.328996249323576961e+00,1.076483043057203481e+01,-7.035201278420190718e+00,-1.673349179074324411e+01,3.518567885387556604e+00
8.875609630827272500e-01,-6.662742802229125516e+00,1.092524044596522437e+01,-8.680783184758498194e+00,-1.650732501390219653e+01,2.063299609950107527e+00
1.017301976934892327e+00,-6.079714934208030108e+00,1.140881800843106397e+01,-4.441047249790916140e+00,-1.564187642084429797e+01,1.531096195692651651e+00
9.488966488677056388e-01,-6.436043785945554596e+00,1.043229848562386763e+01,-7.803452090907453176e+00,-1.672769136783687216e+01,2.898900143795404283e+00
9.046162938323191183e-01,-6.255422816409303088e+00,9.929501322730697410e+00,-6.888750455915332971e+00,-1.526559336745257767e+01,2.726780472889681395e+00
6.721177443408566932e-01,-6.480810648455147316e+00,1.112061950786793574e+01,-7.810471835403382634e+00,-1.552683992379536448e+01,3.963328986438512835e+00
1.001347061552197548e+00,-6.411665143935448619e+00,1.087277626533337838e+01,-7.093326365630341357e+00,-1.536798805011349067e+01,2.223331915358841115e+00
9.333187312917248235e-01,-6.280068155891590287e+00,1.108115045068591265e+01,-6.159650589148702338e+00,-1.704400127492703021e+01,2.062050406083927090e+00
9.207136497497444561e-01,-6.120560471229834931e+00,9.565014706368730302e+00,-6.554352015645642737e+00,-1.708883961745596380e+01,3.406340897640989240e+00
6.960027651799980397e-01,-6.114705950167112825e+00,1.202455426319317766e+01,-4.351230438211343809e+00,-1.685467205898196141e+01,1.722703015999904164e+00
8.750926567837250536e-01,-7.295244673825517445e+00,1.280257069226566635e+01,-1.100229093409119230e+01,-1.639123352375568743e+01,5.653803702314088575e-01
9.427211104452503099e-01,-6.297319620741387070e+00,9.858365653928233385e+00,-7.547660228302121688e+00,-1.759982667436853987e+01,3.599982731171163852e+00
8.663548741902148409e-01,-6.436340224856444081e+00,1.052689881430603869e+01,-7.475895310043893183e+00,-1.609000167795034386e+01,1.971415974706995478e+00
8.971415425900355345e-01,-6.649065203670435409e+00,1.130703540026474307e+01,-8.267474788930707419e+00,-1.673689215604475322e+01,1.790500023651629080e+00
8.930564594716003946e-01,-6.632425788824654944e+00,1.138082677860932712e+01,-8.180750398375934651e+00,-1.721044135055184654e+01,1.975025372500322840e+00
1.530478492822157754e+00,-6.330213141009580546e+00,1.132392881002108531e+01,-7.075806834722953020e+00,-1.603381912283322563e+01,5.445961150875683110e+00
8.767532880402577611e-01,-2.342082115154527688e+00,1.096649792995496142e+01,-8.659247462152173114e+00,-1.673219345587119733e+01,2.539148773635218070e+00
8.839079301851752168e-01,-6.686760353549657587e+00,1.131440099261765297e+01,-8.900799254497954394e+00,-1.593141219199338821e+01,3.563794630535987995e+00
9.491789808139493578e-01,-6.631578827419824407e+00,1.122985307021493462e+01,-8.488988447459844267e+00,-1.797225395771257439e+01,2.648345834393319720e+00
-4.345464820914258230e-01,-2.474609797360185048e+00,1.200789464683881036e+01,-8.879632696585035845e+00,-1.641573857112923918e+01,2.894249810223191499e+00
6.651631483016916535e-01,-6.465965455740179557e+00,1.220351657985751181e+01,-7.152340002838553090e+00,-1.773060419480730232e+01,4.302525127269041683e+00
4.860811506852931174e-01,-6.278596443542109995e+00,9.286682232997652164e+00,-7.511686345699116529e+00,-1.508102926786183851e+01,2.793683140218486738e+00
8.939938475849621424e-01,-6.746226599592460182e+00,1.128056808828848645e+01,-9.069454370547457955e+00,-1.740524660730442363e+01,2.305733167318938737e+00
1.425165646548195664e+00,-6.498051096384848790e+00,1.292445573414700988e+01,-6.703075289187268027e+00,-1.580582650641962061e+01,4.241179941923381769e+00
8.623774373354785583e-01,-6.211049227455959887e+00,1.065375288439796364e+01,-6.172439998478686185e+00,-1.574026766079581030e+01,2.936866804675110743e+00
6.013925509937995129e-01,-6.142378030069456152e+00,9.068638479448090095e+00,-7.002333270805740639e+00,-1.625396523323403741e+01,3.374949910697716771e+00
-2.284123752144315983e-02,-6.808377153248154734e+00,1.217957412523575833e+01,-8.693785458822178569e+00,-1.648915374630692909e+01,1.842665914434104657e+00
9.410523529985076463e-01,-6.259404453183541328e+00,1.125162005468604498e+01,-5.901042766265495843e+00,-1.733620559258328697e+01,1.974695315037864995e+00
8.732454349156281159e-01,-6.318564034603634028e+00,1.011709657618523472e+01,-7.218181697844010536e+00,-1.686862986121548857e+01,2.617406905663235861e+00
9.677888353724032333e-01,-6.299019768165337041e+00,1.001671887472527800e+01,-7.499072852448987803e+00,-1.797117127554852800e+01,3.734729622428182072e+00
1.347403999458878898e+00,-6.746988972421958941e+00,1.287187872936888766e+01,-8.127596222836954709e+00,-1.672671037471088695e+01,3.234207973366959088e+00
1.249651055573424152e+00,-6.232634103097560718e+00,1.221805406943592232e+01,-5.138732336175728221e+00,-1.599511343851285794e+01,2.676109251201811645e+00
8.221247065049444025e-01,-6.315113564176501271e+00,9.957058867539993585e+00,-7.050203405819703839e+00,-1.535286431528678719e+01,1.896441313898564296e+00
9.947871789668848441e-01,-6.528521252854634582e+00,1.121918899144791837e+01,-7.812622458707783046e+00,-1.741801889576743179e+01,2.663971639305026784e+00
9.625301623956922237e-01,-6.318626962753320697e+00,1.032274888957899961e+01,-7.084325795666525316e+00,-1.600857768035245599e+01,2.860447198135572133e+00
6.608500162064752104e-01,-6.343771823224892081e+00,1.183369337729130066e+01,-6.197617246672153080e+00,-1.615806272572284996e+01,2.881287073915582475e+00
7.963795663375413669e-01,-6.619207324442353269e+00,1.042385959592179034e+01,-8.511069420861161916e+00,-1.496998463720760419e+01,1.389809033384385106e+00
9.012643237368618276e-01,-6.558501398018941941e+00,1.017153233775326449e+01,-8.797052460383470773e+00,-1.685883796119735578e+01,2.980337755414730783e+00
1.839814603753024302e+00,-6.626094390615798524e+00,1.315230490539701158e+01,-7.842468163520347701e+00,-1.512260562764879168e+01,6.391331515061372315e+00
8.990593451470180186e-01,-6.472571757409032678e+00,9.983081645377410496e+00,-8.412186890287834728e+00,-1.688632857220757089e+01,3.091117484334084509e+00
1.008611626606991107e+00,-6.530351615360611817e+00,1.136075326418721865e+01,-7.558742897895895041e+00,-1.636544061424063301e+01,2.229010658433308478e+00
9.523515367870660775e-01,-2.426274921584270050e+00,1.188811252774529059e+01,-8.598048666603506973e+00,-1.781145295802727446e+01,2.536608219866242298e+00
8.999362421081008589e-01,-6.191188532499263708e+00,9.612856728485315472e+00,-7.097730663049691024e+00,-1.753737021850607292e+01,3.818310245340763132e+00
