1,1,62,60,59,54,47,33,55.831441,27.993933,12.687485,4.852282,1.393889,0.373252,0.041817,0.007744,0.530904,0.128548,0,1
1,1,44,44,44,41,39,27,18.026254,8.570709,0.410381,0,0,0,0,0,0.475935,0.123572,0,1
1,1,44,43,41,41,37,29,28.3564,6.935636,2.305771,0.323724,0,0,0,0,0.502831,0.126741,0,1
1,0,29,29,29,27,25,16,15.448398,9.113819,1.633493,0,0,0,0,0,0.541743,0.139575,0,1
1,1,22,21,18,15,13,10,66.691933,23.545543,6.151117,0.496372,0,0,0,0,0.500073,0.116793,0,1
1,1,79,75,73,71,64,47,22.141784,10.054384,0.874633,0.09978,0.023386,0,0,0,0.560959,0.109134,0,1
1,1,70,69,65,63,63,50,10.5601,3.108358,0.625511,0.287959,0.103985,0.004799,0,0,0.534396,0.089587,0,1
1,1,48,43,39,32,27,18,23.012798,6.737583,2.403903,0.189235,0.011437,0,0,0,0.501554,0.138287,1,1
1,1,105,95,81,66,46,32,123.053484,70.57101,37.409891,19.937253,14.786668,6.114911,2.34574,1.002243,0.524461,0.134247,1,1
1,0,46,41,39,32,23,15,115.533777,21.293312,9.665742,2.276676,0.329396,0.186,0.118458,0.071698,0.540472,0.104949,1,1
1,1,19,17,15,12,12,7,179.703958,34.678202,13.018953,1.045157,0.023003,0.005001,0.002,0,0.470425,0.094014,1,1
1,0,37,34,31,30,28,24,8.818234,3.161544,1.900918,1.524727,1.29287,0.165831,0,0,0.538223,0.09827,0,1
1,1,5,5,5,5,4,3,133.054234,6.890885,2.718365,0.169898,0.01794,0.011608,0.003166,0.001055,0.588627,0.109748,1,1
1,1,40,38,33,25,20,12,73.082699,23.121256,13.093588,5.437382,3.845287,2.028783,0.518568,0.10715,0.527112,0.105129,1,1
1,1,99,98,68,53,42,27,298.06851,50.269654,33.693698,10.98918,6.124441,1.748958,0.358444,0.181282,0.556481,0.117421,1,1
1,1,103,89,83,71,60,38,11.025085,3.762343,0.015592,0.010914,0.003118,0.003118,0.001559,0.001559,0.488566,0.134091,0,1
1,1,42,38,38,37,35,32,12.494963,4.42648,0.588359,0,0,0,0,0,0.561081,0.099592,0,1
1,1,107,98,77,63,47,28,199.429033,44.82088,25.534925,7.708971,0.242466,0.011447,0.003122,0.002081,0.49131,0.138403,1,1
1,1,64,64,62,53,50,31,30.775909,14.45127,3.074836,0.932093,0.156114,0.071935,0,0,0.471605,0.099484,0,1
1,1,2,2,2,2,2,1,47.930183,6.587595,1.470575,0.198559,0.002068,0,0,0,0.519195,0.114792,1,1
1,1,72,68,67,62,54,38,25.33878,10.490842,3.395,0.321211,0.061476,0.001537,0,0,0.490344,0.115267,0,1
1,0,16,16,16,13,10,8,45.545822,22.493089,4.828992,1.672169,0.433024,0.263874,0.029964,0.010632,0.510826,0.123721,0,1
1,1,76,74,72,72,66,42,23.311611,7.943621,2.067625,0.273702,0.139197,0.059432,0,0,0.533349,0.092277,0,1
1,1,44,43,42,41,39,27,173.757198,38.295535,21.430906,8.54797,3.135307,1.043,0.17138,0.080959,0.520223,0.114604,1,1
1,1,37,35,34,30,28,22,20.993883,11.376063,0.981876,0.025879,0,0,0,0,0.520133,0.123305,0,1
1,1,64,62,60,58,51,43,42.140207,20.794294,7.617959,0.695383,0.137514,0,0,0,0.485808,0.087509,0,1
1,1,42,42,37,36,35,26,79.513425,58.724897,2.791295,0.420079,0.216964,0.167724,0.144643,0,0.558575,0.166185,0,1
1,1,33,33,33,32,32,31,4.645313,0.233589,0.003115,0,0,0,0,0,0.515357,0.099665,1,1
1,1,49,48,45,40,37,26,26.347993,13.666809,2.556415,0.192468,0,0,0,0,0.557765,0.113308,0,1
1,1,107,97,89,73,61,39,46.898288,26.625319,11.290695,8.119854,5.258325,3.758994,2.169764,1.330199,0.511867,0.097517,0,1
1,1,22,19,19,15,12,9,70.192324,24.971335,4.403699,0.713671,0.394666,0.207558,0.089976,0.039876,0.518668,0.098155,1,1
1,1,56,55,46,41,37,28,6.960789,2.747318,1.544124,0.631409,0.201806,0.160528,0.133009,0.11772,0.522871,0.102432,1,1
1,0,7,7,7,7,6,4,172.825204,76.289701,17.212219,1.201699,0.012138,0,0,0,0.512196,0.142626,1,1
1,1,31,31,29,28,25,15,45.711634,21.604391,3.893095,0.575022,0.023916,0.00104,0,0,0.488219,0.110221,0,1
1,1,18,18,18,17,15,9,72.630707,25.142031,10.053525,1.824551,0.26608,0.019519,0,0,0.553314,0.093488,0,1
1,1,101,87,73,60,42,24,145.799804,15.768882,6.647874,0.372636,0.004039,0,0,0,0.568974,0.064631,0,1
1,1,19,19,15,15,15,11,3.332213,0.302928,0.054801,0,0,0,0,0,0.519713,0.118736,1,1
1,1,56,55,54,51,46,31,41.15413,19.139912,8.664596,0.819687,0.004631,0,0,0,0.487138,0.120406,0,1
1,1,51,50,48,42,37,22,110.644051,54.594325,12.291867,1.497559,0.100604,0.027786,0.003833,0.003833,0.530484,0.10252,1,1
1,1,66,65,65,64,63,53,11.103445,4.009015,0.397164,0.129273,0.076318,0.052955,0.035823,0.01869,0.543196,0.096565,0,1
1,1,56,55,55,51,47,36,36.371217,10.641034,2.563113,0.15848,0.016762,0,0,0,0.525089,0.057906,0,1
1,1,70,64,61,54,51,34,29.073507,9.481386,4.487734,1.196221,0.172195,0.051811,0.006095,0.001524,0.489025,0.091431,0,1
1,1,43,42,42,40,39,34,21.612661,9.669272,0.903438,0.274757,0.128841,0.082272,0.066749,0.058987,0.541183,0.099347,0,1
1,1,34,34,28,22,17,9,80.102809,35.595044,7.515836,0.929973,0.25993,0.216609,0.184839,0.003851,0.515703,0.095308,0,1
1,1,95,83,81,73,62,42,40.186635,17.350155,10.183585,3.318716,1.325939,0.411552,0.034038,0.004642,0.478644,0.092831,0,1
1,1,54,54,54,53,51,41,14.512332,7.266234,0.597904,0.018588,0,0,0,0,0.491181,0.116173,0,1
1,1,60,56,46,37,29,19,247.798988,55.343818,32.199603,11.184719,3.642385,1.822757,1.132445,0.313873,0.489107,0.077165,0,1
1,1,34,33,27,21,16,9,13.273712,4.294346,1.511429,0.446046,0.192774,0.107666,0.003076,0,0.574559,0.086133,0,1
1,1,22,20,16,13,10,7,87.69468,36.084155,15.664896,1.653017,0,0,0,0,0.524302,0.086838,1,1
1,1,35,35,34,30,27,21,20.224045,10.671793,0.937143,0.083337,0,0,0,0,0.528512,0.100633,0,1
1,1,11,11,9,9,8,5,13.935559,6.857066,2.138412,1.027176,0.675558,0.435678,0.333166,0.041005,0.523698,0.108663,0,1
1,1,15,14,14,14,13,8,24.963152,1.112323,0.202241,0,0,0,0,0,0.518514,0.097993,0,1
1,1,79,74,69,64,57,37,31.73432,3.922031,1.132117,0.051806,0,0,0,0,0.490258,0.111231,0,1
1,1,63,62,62,58,53,42,42.29046,19.897005,10.561198,2.730872,0.40339,0.085245,0,0,0.468996,0.097422,0,1
1,1,45,40,34,30,19,12,123.298724,39.026421,20.514816,7.394719,4.346491,1.503958,1.030547,0.474445,0.528052,0.112668,1,1
1,1,58,57,56,56,54,43,52.80355,31.473528,5.661383,0.31165,0.017227,0,0,0,0.491265,0.076738,0,1
1,1,11,10,10,6,5,5,104.72803,31.381846,7.475142,0.373965,0.029167,0,0,0,0.563954,0.126044,1,1
1,1,42,41,40,37,34,22,29.989661,11.839058,1.112416,0,0,0,0,0,0.511867,0.139838,0,1
1,1,41,41,39,37,36,28,9.874715,1.126417,0.173295,0,0,0,0,0,0.488187,0.13616,0,1
1,1,19,19,16,14,10,6,121.84865,33.550112,9.142322,0.710916,0,0,0,0,0.52921,0.102545,0,1
1,1,13,12,11,9,5,4,147.830416,39.516965,15.784663,1.349072,0.026878,0,0,0,0.534103,0.135424,0,1
1,1,47,39,33,23,17,10,80.308142,33.759494,19.62536,16.094403,12.540772,9.182962,5.228413,3.086753,0.48357,0.098941,1,1
1,1,19,19,18,15,12,7,39.835403,6.067515,1.371151,0.186842,0.025302,0.003893,0.003893,0.003893,0.556415,0.111911,1,1
1,1,47,47,45,42,39,27,12.528883,4.043778,0.309542,0.021243,0,0,0,0,0.537362,0.121389,0,1
1,1,49,39,31,23,16,11,149.32625,50.25123,25.135818,10.571634,4.894521,2.50797,1.403973,0.337729,0.493849,0.090809,1,1
1,1,60,58,56,54,49,37,17.133907,7.879344,3.486667,0.126563,0.003087,0,0,0,0.534607,0.086434,0,1
1,1,9,9,8,7,7,4,145.891998,17.009009,7.40022,0.954294,0.001045,0,0,0,0.532231,0.093025,1,1
1,1,12,11,11,10,9,8,87.874152,15.996503,6.456335,1.240172,0.007041,0.001006,0,0,0.523721,0.114663,0,1
1,1,10,10,10,8,7,4,67.106941,17.441967,4.890571,0.287858,0.004012,0,0,0,0.563733,0.079236,1,1
1,0,52,48,46,41,36,29,6.922057,3.188813,1.502631,1.039086,0.866424,0,0,0,0.539103,0.105775,1,1
1,1,28,24,23,20,17,12,36.00019,2.599053,0.738518,0.023397,0.004069,0.001017,0.001017,0.001017,0.482327,0.090535,0,1
1,1,89,84,79,72,70,58,30.126314,15.659642,7.739052,0.494274,0.082379,0.05797,0,0,0.504351,0.08543,0,1
1,1,69,65,63,56,51,39,30.935658,13.60911,4.443728,0.720148,0.042994,0.006142,0,0,0.563634,0.102878,0,1
1,1,114,110,93,76,51,27,189.370482,27.807442,13.990668,0.891073,0.008232,0,0,0,0.577045,0.131706,1,1
1,1,47,46,44,44,43,37,13.799567,4.805384,0.400321,0,0,0,0,0,0.53021,0.111967,0,1
1,1,61,60,60,57,53,38,42.261483,18.022128,8.845998,0.588095,0.098272,0.003071,0,0,0.515133,0.075239,0,1
1,1,63,63,61,59,55,48,13.198181,5.947414,1.164862,0.10156,0.020004,0.006155,0.003078,0,0.507123,0.090788,0,1
1,1,28,27,27,24,22,19,1.075534,0.004577,0,0,0,0,0,0,0.525351,0.109842,0,1
1,1,13,13,13,12,12,11,65.162116,25.772514,3.709344,0.322866,0.002063,0,0,0,0.554298,0.096963,1,1
1,1,62,61,61,61,61,55,16.975008,10.315228,1.279254,0.045961,0,0,0,0,0.535399,0.09039,0,1
1,1,59,58,56,56,54,44,25.765382,8.620228,1.097511,0.099913,0.081468,0.041503,0.03228,0.03228,0.484986,0.136805,0,1
1,0,8,8,8,6,6,5,10.790814,5.303667,0.060822,0.001014,0,0,0,0,0.515916,0.107452,0,1
1,1,95,88,76,63,40,28,32.458572,18.340442,10.645895,6.215227,4.342117,2.188768,1.460568,0.613605,0.506312,0.108345,0,1
1,1,64,62,59,57,54,38,34.562647,14.824904,2.466818,0.45433,0.011198,0,0,0,0.56334,0.089586,0,1
1,1,34,33,32,29,24,18,10.754434,3.826111,0.088766,0,0,0,0,0,0.548753,0.10254,0,1
1,1,30,29,23,19,14,7,180.58726,25.138462,10.724709,0.523459,0,0,0,0,0.537236,0.109657,0,1
1,1,33,33,32,30,26,17,3.889365,0.928398,0.073505,0,0,0,0,0,0.508808,0.111855,0,1
1,1,24,24,20,18,18,17,24.694044,5.27285,1.311188,0.095217,0,0,0,0,0.533387,0.138924,0,1
1,1,55,53,51,46,43,34,23.318174,3.723004,1.814051,0.031116,0,0,0,0,0.539597,0.108905,0,1
1,1,11,11,10,9,8,5,146.106067,54.693471,40.271896,25.905498,16.272041,8.451243,1.917904,0.61001,0.478737,0.085831,0,1
1,1,47,45,45,42,36,26,28.5045,7.675472,1.572641,0.081556,0,0,0,0,0.512511,0.135413,0,1
1,1,67,66,66,64,61,55,51.07008,25.920766,15.032962,4.437834,0.165425,0.003181,0.001591,0,0.498413,0.082712,0,1
1,1,19,18,12,10,10,7,142.255388,22.516716,10.064476,1.830277,0.457057,0.218281,0.143471,0.106578,0.555026,0.111702,1,1
1,1,79,79,75,72,67,44,26.921892,9.965169,2.359398,0.396069,0.044867,0.006189,0,0,0.53427,0.123772,0,1
1,1,37,37,31,27,22,17,81.293263,23.867017,8.286166,1.092569,0.10313,0.041865,0.021443,0.011232,0.558357,0.108236,0,1
1,1,12,12,12,11,10,7,18.033631,3.298859,1.106733,0.147435,0.00194,0.00194,0.00194,0.00194,0.495386,0.076627,1,1
1,1,49,48,45,40,37,26,26.347993,13.666809,2.556415,0.192468,0,0,0,0,0.557765,0.113308,0,1
1,1,14,14,14,14,11,8,39.998599,26.133902,6.321156,0.131927,0,0,0,0,0.553831,0.083485,0,1
1,1,16,16,16,16,13,10,65.345655,29.050949,14.034021,1.800817,0.257115,0,0,0,0.480905,0.102239,0,1
1,1,73,70,69,69,65,55,29.93865,10.345269,3.431496,0.273904,0,0,0,0,0.477019,0.080017,0,1
1,1,66,64,59,54,48,38,28.776051,13.842765,3.151944,0.400789,0.060584,0,0,0,0.534948,0.091653,0,1
1,0,60,57,57,54,53,34,11.452905,3.467365,0.11356,0,0,0,0,0,0.52301,0.102961,0,1
1,1,37,35,30,19,17,10,24.503211,10.713234,2.160861,0.358074,0.195595,0.061059,0.008279,0.00207,0.531819,0.109699,1,1
1,1,73,70,61,51,40,24,286.341351,49.691422,27.729469,5.687412,1.987205,0.517598,0.05443,0.007189,0.530448,0.11913,0,1
1,1,68,63,63,62,59,43,13.976167,4.694983,0.665307,0.154502,0.044144,0.00473,0.001577,0,0.529988,0.115089,0,1
1,1,24,22,19,17,15,8,198.533347,37.607844,16.580961,1.662264,0.120984,0.026434,0,0,0.487285,0.095567,1,1
1,1,64,63,60,57,54,46,8.482082,3.428348,1.467007,0.356753,0.14878,0.059192,0.035195,0,0.513141,0.121584,0,1
1,1,89,82,76,72,56,37,54.290978,24.805279,15.273359,6.152664,2.523848,0.877382,0.14283,0.059643,0.511842,0.113008,0,1
1,1,60,55,48,35,24,17,65.725257,30.540841,8.442675,0.196002,0.012511,0,0,0,0.516642,0.094873,0,1
1,0,93,92,92,92,79,55,19.010348,5.390854,0.944886,0.028159,0.001564,0,0,0,0.573597,0.092298,0,1
1,1,42,35,30,23,17,9,168.777787,54.775579,18.557908,2.459469,0.19631,0.097646,0.037635,0.033566,0.535815,0.097646,1,1
1,1,73,67,64,59,51,37,32.804211,12.143579,5.871082,0.726225,0.212965,0.02145,0.019918,0.016853,0.517979,0.094991,0,1
1,1,45,45,42,37,35,27,33.32654,13.394355,2.895828,0.31563,0.006129,0,0,0,0.512577,0.104189,0,1
1,1,23,23,22,20,17,14,7.982307,3.447823,0,0,0,0,0,0,0.562744,0.116428,0,1
1,1,49,45,43,42,38,34,128.096941,81.061108,47.879553,11.474921,1.442954,0.135826,0.011186,0.001598,0.516496,0.099073,0,1
1,1,49,49,49,46,33,24,110.505328,36.711632,11.784233,2.122308,0.41648,0.044002,0,0,0.49997,0.09312,1,1
1,1,17,16,16,14,12,9,75.438535,20.3525,5.237412,0.206817,0.003884,0.000971,0.000971,0.000971,0.544614,0.089329,1,1
1,1,81,78,74,66,60,39,26.819742,11.903282,1.970273,0.371255,0.024648,0,0,0,0.501801,0.115536,0,1
1,1,80,75,69,62,57,40,32.993047,9.871923,2.518051,0.597789,0.195696,0.140656,0.10855,0.082559,0.519216,0.099377,0,1
1,1,59,56,53,49,46,36,15.255822,6.582832,1.274297,0.160064,0,0,0,0,0.480213,0.138308,0,1
1,1,16,16,16,15,12,10,213.445242,40.048163,19.069685,2.602162,0.387233,0.006082,0,0,0.475218,0.115562,0,1
1,0,24,23,23,18,15,12,137.638753,68.007684,20.508116,2.491707,0.061221,0,0,0,0.539105,0.11632,0,1
1,1,79,78,74,66,59,46,11.150209,3.472471,1.699833,0.732796,0.357693,0.311794,0.254817,0.227911,0.517034,0.120286,0,1
1,1,36,35,33,30,25,17,245.337355,167.131427,70.266718,15.865128,2.259873,0.319041,0.091008,0.054196,0.489652,0.123731,1,1
1,1,87,84,83,79,73,52,42.540332,18.268542,7.443595,1.578991,0.186398,0.012324,0.003081,0.003081,0.525536,0.16021,0,1
1,1,16,15,15,13,11,9,21.417991,9.85538,3.446116,2.304558,1.74399,1.258981,0.675949,0.315511,0.502433,0.121507,0,1
1,1,59,58,58,57,53,42,25.569536,10.909402,4.679191,0.471916,0.021521,0,0,0,0.495732,0.132198,0,1
1,1,80,79,78,78,72,60,15.871188,3.694036,1.122925,0.06815,0.001549,0,0,0,0.567241,0.091383,0,1
1,1,69,66,59,43,31,19,161.899703,23.385648,12.578529,1.674972,0.181709,0,0,0,0.512019,0.125877,1,1
1,1,90,85,79,73,66,53,36.127779,20.509326,10.452983,8.234851,6.497264,4.816122,3.411102,1.922177,0.488193,0.123569,0,1
1,0,41,39,35,26,21,9,71.477402,14.144137,3.024873,0.599362,0.220501,0.151344,0.116264,0.075171,0.530954,0.111253,1,1
1,0,11,10,10,8,8,6,40.064967,26.83554,6.880809,0.543781,0.118801,0.020283,0.001932,0.001932,0.561407,0.12846,0,1
1,0,14,14,13,13,13,8,25.537754,13.654016,0.181173,0,0,0,0,0,0.534954,0.135112,1,1
1,1,74,68,64,47,33,23,31.972796,15.06526,1.679252,0.775116,0.484073,0.322048,0.20103,0.037006,0.512147,0.091014,0,1
1,0,8,8,6,6,4,3,61.251046,13.855744,2.107825,0.131413,0,0,0,0,0.546974,0.105339,0,1
1,1,14,14,12,10,8,7,16.424917,2.911437,2.286834,1.510384,1.00726,0.473766,0.109331,0.034419,0.480712,0.08706,0,1
1,1,52,50,50,47,43,28,9.302706,1.950052,0.123305,0,0,0,0,0,0.529951,0.10656,0,1
1,0,25,25,24,22,21,14,12.545788,7.01903,0.104076,0.003061,0,0,0,0,0.533689,0.079588,0,1
1,1,47,47,47,42,41,27,7.221695,1.225136,0.113752,0,0,0,0,0,0.535655,0.107603,0,1
1,1,16,14,13,11,8,5,201.129513,93.514215,45.162698,7.466452,0.746855,0.103846,0.074476,0.041958,0.579236,0.088112,0,1
1,1,59,59,58,57,54,46,12.724804,2.423919,0.571242,0.060212,0.004632,0,0,0,0.548012,0.098809,0,1
1,1,45,44,43,42,39,30,29.85053,8.528505,2.111936,0.04876,0,0,0,0,0.503121,0.131044,0,1
1,1,13,13,11,10,10,8,4.652879,0.86456,0.028768,0,0,0,0,0,0.521034,0.122643,0,1
1,1,65,64,64,61,59,51,19.022457,5.645998,2.653512,0.627333,0.148781,0.010737,0.001534,0,0.496338,0.115037,0,1
1,1,19,19,16,16,15,11,16.862198,3.681121,0.216653,0.019876,0.003975,0.003975,0.003975,0.003975,0.555834,0.086463,1,1
1,1,102,100,100,98,97,89,22.991284,8.276677,3.183456,0.713267,0.253194,0,0,0,0.535731,0.092632,0,1
1,1,85,83,79,72,66,43,63.055363,31.225615,9.893234,1.898702,0.352789,0.105988,0,0,0.55884,0.089333,0,1
1,0,45,45,45,41,34,29,23.735891,12.657097,0.636536,0.038346,0.006135,0.001534,0.001534,0.001534,0.496679,0.107368,0,1
1,1,36,36,31,23,17,12,136.329738,18.094338,10.59731,3.590284,2.15805,0.019396,0,0,0.550368,0.130667,1,1
1,0,6,5,4,3,3,3,46.986497,8.003728,2.283167,0.011128,0,0,0,0,0.526457,0.110264,0,1
1,1,19,15,14,13,12,9,110.744848,61.295658,13.508504,1.534707,0.073311,0.005788,0.001929,0.000965,0.474601,0.090674,1,1
1,1,126,114,98,75,62,40,22.74796,11.102763,3.432302,1.642891,0.796506,0.592314,0.483203,0.324214,0.537198,0.149637,0,1
1,0,8,8,8,6,5,3,168.58819,23.991799,9.644465,1.025477,0.084072,0.001038,0.001038,0,0.510727,0.097566,0,1
1,1,77,74,72,69,64,51,39.947551,18.662912,6.914089,2.175708,0.419601,0.107231,0.023311,0.006216,0.5458,0.099461,0,1
1,1,87,80,69,57,44,27,127.089284,38.178887,14.890506,3.147662,0.818002,0.029802,0,0,0.529809,0.155174,0,1
1,1,89,82,75,63,50,26,101.760123,44.161169,14.393255,6.712149,3.332214,1.888116,1.076849,0.570585,0.51934,0.113079,1,1
1,1,81,75,71,65,56,36,41.307004,14.214566,4.777503,0.680928,0.114798,0.023589,0.00629,0.003145,0.547837,0.114798,0,1
1,1,56,55,54,47,41,33,29.159588,16.327624,1.874695,0.132522,0.006464,0,0,0,0.578482,0.11636,0,1
1,1,90,77,64,49,39,24,157.894855,56.086928,29.962578,8.318595,2.698852,1.183159,0.646307,0.18034,0.511747,0.118837,1,1
1,1,12,12,11,10,9,9,149.40152,25.546812,10.556415,0.35611,0.007163,0,0,0,0.542723,0.11154,1,1
1,1,48,47,46,43,41,27,40.159774,15.296564,6.01672,1.591136,0.393589,0.088481,0,0,0.552746,0.114415,0,1
1,1,17,17,16,14,11,9,76.409962,22.4424,12.292453,1.891225,0.073248,0.001017,0,0,0.540231,0.110889,1,1
1,1,47,40,34,25,18,11,92.151868,53.718054,27.24747,4.764972,0.804596,0.155993,0.049261,0.023604,0.522945,0.103653,1,1
1,1,3,3,3,2,2,2,5.145048,1.373743,0.073061,0.004807,0.001923,0.001923,0.001923,0.001923,0.511339,0.127857,1,1
1,1,56,56,55,53,49,31,35.972075,15.6309,5.926638,1.727362,0.36679,0,0,0,0.504158,0.089346,0,1
1,1,78,77,75,71,56,36,9.980567,2.147835,0.821048,0.497936,0.188872,0.159215,0.109265,0.071803,0.575965,0.109265,0,1
1,1,41,39,35,32,25,19,131.124105,49.076656,32.095263,23.236782,19.666215,0.172654,0.008173,0.002043,0.516065,0.098076,1,1
1,1,66,66,58,49,45,30,16.997662,7.225445,2.957103,1.712485,1.22342,0.958446,0.75101,0.342194,0.513925,0.154442,0,1
1,1,52,52,49,45,39,24,33.363123,14.744951,4.240902,0.960056,0.142987,0.114704,0.078564,0,0.52953,0.119418,0,1
1,1,28,26,22,17,13,11,138.630709,69.677656,22.844942,2.438363,0.102125,0.005836,0.005836,0.005836,0.47998,0.094344,1,1
1,1,21,18,16,13,11,9,54.150892,24.695493,6.982238,0.325005,0.00488,0.003904,0.003904,0.003904,0.528692,0.072223,0,1
1,1,12,12,12,11,11,6,13.369545,2.612404,0.456656,0.101822,0.006171,0.003086,0,0,0.578226,0.098737,1,1
1,1,22,22,21,21,17,13,240.040363,51.501265,26.038573,1.913008,0.05311,0.006248,0,0,0.544641,0.131213,0,1
1,1,81,77,75,68,59,43,46.139114,18.836231,6.451877,0.92695,0.150151,0.049029,0.016854,0.010725,0.492437,0.124104,0,1
1,1,48,47,46,44,44,34,35.941186,21.921019,0.16601,0,0,0,0,0,0.525926,0.102988,0,1
1,1,76,67,64,59,58,42,9.698962,0.794227,0.175821,0.050018,0.001516,0.001516,0,0,0.503358,0.101552,0,1
1,1,9,8,7,7,6,3,201.313182,28.886935,11.563983,0.360191,0.005116,0.001023,0,0,0.526042,0.118699,1,1
1,1,49,49,48,47,41,31,23.697108,9.319017,3.205968,0.3508,0.003146,0,0,0,0.580233,0.094386,0,1
1,1,31,30,25,23,20,14,88.279053,23.23815,9.044373,2.828181,1.15802,0.827305,0.628254,0.291319,0.557454,0.089158,0,1
1,1,137,117,107,94,82,54,57.818781,17.03802,8.985278,4.493409,2.128214,0.94023,0.655545,0.39702,0.535003,0.124646,0,1
1,1,9,7,7,7,6,5,116.423002,37.52263,12.296202,1.859262,0.51884,0.297645,0.142706,0.003058,0.567837,0.085624,0,1
1,1,60,59,59,59,59,53,18.05066,10.060086,0.573405,0,0,0,0,0,0.513586,0.098916,1,1
1,1,60,54,43,32,22,11,148.626224,33.828855,14.90843,3.779371,2.191994,1.041172,0.36277,0.06661,0.509626,0.139369,1,1
1,1,151,131,120,105,84,57,45.003816,21.600797,13.209197,5.526918,3.618145,1.756558,0.715409,0.136993,0.502597,0.114161,0,1
1,1,14,13,11,9,8,7,4.563913,0.811636,0,0,0,0,0,0,0.541518,0.107603,1,1
1,1,81,74,68,63,49,35,21.601638,10.014275,0.453049,0.083374,0,0,0,0,0.518083,0.12742,0,1
1,1,22,16,13,11,9,7,78.342678,17.815759,3.954982,0.684634,0.1355,0.03362,0.019357,0.015282,0.490538,0.102899,1,1
1,1,48,44,43,40,38,27,61.603345,29.291081,6.174123,0.747636,0.044429,0.001532,0,0,0.487047,0.136352,0,1
1,0,69,68,66,61,59,45,8.488283,1.71537,0.178684,0.001554,0,0,0,0,0.492653,0.121195,0,1
1,1,15,15,13,12,10,7,37.273127,14.510196,3.555731,0.472925,0.015634,0.005863,0.003908,0.003908,0.5186,0.096735,1,1
1,1,44,44,42,32,23,17,172.452792,35.357483,17.933027,5.71094,1.640322,0.574062,0.180098,0.113584,0.52891,0.121771,1,1
1,1,48,45,41,39,36,26,59.436927,18.802328,8.479512,1.287069,0.094251,0.001545,0.001545,0,0.489043,0.103522,0,1
1,1,48,47,47,45,44,31,16.554713,5.179518,1.447531,0,0,0,0,0,0.486102,0.127589,0,1
1,0,4,4,4,2,2,2,10.541363,3.951788,0.073381,0.006849,0.000978,0.000978,0.000978,0.000978,0.538554,0.112517,0,1
1,1,35,34,33,32,27,18,62.703952,34.133081,5.836676,0.972262,0.083736,0,0,0,0.489035,0.116299,0,1
1,1,57,57,56,55,55,37,11.14365,1.081406,0.118469,0,0,0,0,0,0.520081,0.113912,0,1
1,1,22,20,20,19,17,13,166.947109,107.806318,43.27633,6.997411,0.814788,0.063067,0.002034,0.001017,0.475679,0.123083,0,1
1,1,53,45,44,35,30,18,56.888723,31.72334,11.462819,4.446227,2.995735,2.079475,1.392029,0.398155,0.516385,0.096767,0,1
1,1,25,22,21,20,16,9,43.875057,21.741948,3.630129,0.585285,0.047561,0.016501,0,0,0.551028,0.099004,1,1
1,1,7,7,7,7,7,6,87.92905,35.215324,17.197673,1.776271,0.061394,0,0,0,0.494013,0.123829,0,1
1,1,58,56,51,47,41,27,14.646636,7.067934,1.03841,0.530709,0.148782,0.113504,0.070557,0.049083,0.526053,0.115038,0,1
1,1,5,5,5,4,4,3,248.681883,24.802816,13.222882,0.484954,0.052867,0,0,0,0.534862,0.110818,1,1
1,1,16,16,16,14,10,5,92.843775,29.034117,8.70188,1.259483,0.198051,0.150602,0.030946,0,0.535544,0.114498,0,1
1,1,54,53,43,37,32,22,121.442601,35.476429,20.114616,4.092002,0.111685,0.006205,0,0,0.569875,0.135469,1,1
1,1,61,52,47,39,33,22,156.914162,78.247419,52.733117,14.090724,1.733747,0.474764,0.284254,0.197566,0.47784,0.124991,1,1
1,1,45,45,44,40,38,29,20.348368,10.920244,0.072174,0,0,0,0,0,0.489307,0.119244,0,1
1,0,30,29,29,27,26,22,10.644577,4.290741,0.23596,0,0,0,0,0,0.542096,0.130399,0,1
1,1,41,41,41,40,36,25,64.172558,34.18058,7.107278,0.470853,0.049079,0,0,0,0.513232,0.116563,0,1
1,1,55,52,43,33,25,13,158.085764,32.598113,15.401358,2.554669,0.079543,0.006198,0.006198,0.004132,0.506789,0.147722,1,1
1,1,49,47,46,44,43,37,44.458331,15.119368,5.057838,0.194287,0,0,0,0,0.502472,0.082811,0,1
1,1,77,72,71,65,56,45,17.806279,8.705123,3.922389,0.010622,0,0,0,0,0.508897,0.110768,0,1
1,1,33,32,32,29,28,25,15.49109,4.974087,0.935407,0.00474,0,0,0,0,0.54934,0.118506,0,1
1,1,62,59,55,51,41,26,32.349761,11.285372,3.56453,1.346498,0.116819,0.039965,0.001537,0.001537,0.529271,0.129116,0,1
1,1,61,57,56,52,47,37,11.42026,5.096388,0.091673,0.009323,0,0,0,0,0.523667,0.105657,0,1
1,1,65,64,63,60,55,40,52.339677,26.400184,5.894087,0.673435,0.016836,0.001531,0,0,0.536685,0.099485,0,1
1,1,63,63,63,59,57,48,13.558211,5.366467,0.604079,0.051511,0,0,0,0,0.552941,0.112387,0,1
1,1,12,11,10,9,8,4,48.767678,24.28303,8.789973,0.03631,0,0,0,0,0.55137,0.08982,0,1
1,1,68,61,50,43,34,19,75.082758,32.006015,17.707221,11.009241,8.310988,3.766077,1.102666,0.371996,0.487558,0.106577,1,1
1,1,46,46,44,39,34,21,21.316831,7.365466,3.623236,0.764312,0.515644,0.459197,0.382919,0.3341,0.557705,0.085432,0,1
1,1,8,7,6,5,3,2,31.601244,14.263999,1.119798,0.029958,0,0,0,0,0.52185,0.119831,0,1
1,1,39,31,26,18,15,9,77.675799,40.282858,11.692692,5.457218,3.843096,2.142037,0.992983,0.292239,0.546952,0.11103,0,1
1,1,105,97,88,77,66,43,20.800481,5.016614,1.363411,0.216976,0.009233,0.001539,0.001539,0.001539,0.555425,0.112335,0,1
1,1,50,47,45,44,37,25,93.843603,55.033417,15.049843,1.388255,0.051812,0,0,0,0.504487,0.103624,0,1
1,1,60,59,58,56,54,34,14.64489,6.096383,0.706335,0.018507,0,0,0,0,0.51213,0.129546,0,1
1,1,71,68,68,66,63,53,21.057006,5.89793,2.220453,0.138084,0,0,0,0,0.573077,0.09523,0,1
1,1,20,20,19,18,17,13,260.623387,23.27079,12.244535,2.931486,0.5793,0.073056,0.01029,0.002058,0.507941,0.101866,1,1
1,0,53,51,51,50,46,38,13.222005,4.772918,2.385696,0.735234,0.041185,0,0,0,0.514705,0.135759,0,1
1,1,74,71,67,61,57,41,85.852437,39.979855,9.742044,0.337741,0.115665,0.029302,0.026217,0.016964,0.475689,0.120291,0,1
1,1,67,67,66,63,59,41,24.097003,8.620301,2.434486,0.950377,0.091236,0,0,0,0.469199,0.097319,0,1
1,1,62,57,55,54,49,39,39.299701,19.292104,5.582081,1.32613,0.181957,0.070933,0.033924,0,0.520974,0.100231,0,1
1,1,29,28,27,27,25,16,7.543326,2.145502,0.349761,0,0,0,0,0,0.507455,0.134756,1,1
1,1,35,33,32,31,31,26,6.193941,1.625616,0.108061,0,0,0,0,0,0.517101,0.08457,0,1
1,1,22,20,18,15,12,9,122.648415,78.995768,43.289073,2.526427,0.049578,0.00723,0,0,0.506159,0.122913,1,1
1,1,12,10,9,8,8,6,189.471852,31.558679,15.718927,1.752501,0,0,0,0,0.491235,0.119775,1,1
1,1,16,13,12,9,5,5,27.037522,13.832963,0.489207,0.021182,0.003026,0,0,0,0.51248,0.084729,0,1
1,1,24,24,23,21,20,17,8.917154,3.321598,0.592543,0.294744,0.142027,0.083994,0.05956,0.035125,0.565303,0.099266,1,1
1,1,9,9,9,7,6,6,60.499827,30.109613,6.259619,0.24095,0.005083,0.001017,0,0,0.558635,0.138267,1,1
1,1,57,54,50,47,47,35,24.130569,13.07066,1.22407,0.174646,0.04173,0.010819,0.009273,0.007728,0.545656,0.095824,0,1
1,1,80,76,75,73,70,53,24.456541,7.513072,1.89681,0.123088,0,0,0,0,0.490539,0.094683,0,1
1,1,4,4,4,2,2,2,36.778066,8.556382,0.824441,0.01467,0.005868,0.005868,0.005868,0.005868,0.554725,0.094864,0,1
1,1,17,15,14,13,10,5,55.232156,3.34728,1.10389,0.012209,0,0,0,0,0.492356,0.11802,0,1
1,1,18,17,16,16,15,10,57.670366,22.622924,11.51739,2.908021,1.016608,0.631861,0.458777,0.37432,0.502437,0.103225,0,1
1,1,71,70,70,69,67,64,9.952095,4.805316,0.239024,0.017073,0,0,0,0,0.559897,0.083814,1,1
1,1,58,58,56,53,49,39,55.49333,25.366013,5.575429,0.242206,0.007813,0,0,0,0.481104,0.114071,0,1
1,1,53,45,40,32,28,13,182.146473,94.791874,49.985427,17.139005,7.394142,3.559458,1.852643,0.688066,0.558753,0.098589,0,1
1,1,18,18,18,15,13,8,232.089075,86.019214,38.672474,5.094865,0,0,0,0,0.533204,0.10642,1,1
1,1,17,16,16,14,12,9,18.51048,7.365337,0.713297,0.005714,0.003809,0.003809,0.003809,0.003809,0.518321,0.123803,0,1
1,1,37,36,31,28,26,19,104.319698,24.83296,9.259328,1.932381,0.477934,0.299354,0.185806,0.148645,0.518568,0.102193,0,1
1,1,8,7,6,6,4,3,65.152426,15.387575,4.385993,0.410742,0.037617,0.001017,0,0,0.487232,0.123019,0,1
1,1,40,40,39,37,31,21,68.518487,44.902329,20.277764,0.980222,0.017224,0,0,0,0.488498,0.134663,0,1
1,1,20,18,18,18,14,9,215.301777,74.02765,35.564813,6.803703,0.536596,0.071683,0.008192,0.003072,0.541905,0.108548,0,1
1,1,8,8,7,7,7,4,17.995589,0.723297,0.118323,0.013359,0.003817,0.003817,0.003817,0.003817,0.515668,0.094468,0,1
1,1,24,22,21,18,17,13,46.886285,14.785981,2.549909,0.401536,0.011296,0.002054,0,0,0.528378,0.075994,1,1
1,1,21,20,16,13,11,6,162.739596,29.935661,14.611971,2.293433,0.174826,0.025862,0.001034,0,0.497276,0.130344,1,1
1,1,64,58,56,51,47,32,40.989728,17.845018,4.112388,0.724718,0.057052,0,0,0,0.549593,0.092517,0,1
1,1,91,81,70,58,46,29,19.120385,5.382893,3.159592,1.460802,0.638807,0.230159,0.140913,0.057931,0.561756,0.219199,0,1
1,1,44,41,37,34,28,20,105.589735,22.571454,6.860981,1.310235,0.17909,0.05558,0.034995,0.025731,0.571479,0.086457,1,1
1,1,16,14,14,12,9,8,38.413333,17.045113,4.031629,0.074587,0.010795,0.001963,0,0,0.540083,0.102067,1,1
1,1,21,20,17,17,14,8,8.374425,0.65219,0.33043,0.174367,0.012524,0.00289,0.00289,0.00289,0.492307,0.083812,0,1
1,0,29,29,28,24,23,19,7.510261,2.938598,0.376508,0,0,0,0,0,0.508464,0.128564,0,1
1,1,20,20,18,17,16,9,210.665328,49.965791,28.655837,5.885352,0.536248,0.207912,0.159536,0.113219,0.50263,0.093663,1,1
1,1,72,70,62,56,43,32,44.070624,13.774396,7.155946,3.762479,2.750538,0.207763,0.078557,0.01137,0.53077,0.088894,0,1
1,1,71,70,68,61,56,46,26.335311,13.482452,3.972127,0.474567,0.015819,0,0,0,0.547224,0.105987,0,1
1,1,19,17,16,16,12,8,64.715442,22.000519,4.705273,0.366479,0.00393,0.00393,0.00393,0.00393,0.517964,0.090392,1,1
1,1,16,15,15,15,14,11,110.47939,44.960999,13.155,1.097233,0.037361,0.006882,0.005899,0.004916,0.54068,0.079638,1,1
1,0,7,7,7,5,5,4,29.345362,11.574486,0.395883,0,0,0,0,0,0.565168,0.085707,0,1
1,1,51,50,46,44,39,28,47.453069,12.948188,6.436351,1.930289,0.599268,0.040054,0.012324,0,0.488825,0.11554,0,1
1,1,14,14,14,13,11,6,21.240157,10.397308,0.687173,0.013254,0,0,0,0,0.521676,0.080544,1,1
1,1,49,43,38,33,27,16,129.531941,21.298894,6.699162,0.426639,0.097104,0.033057,0.015495,0.011363,0.57331,0.097104,1,1
1,1,19,19,17,14,10,8,254.289527,36.079665,20.096039,3.450104,0.815555,0.302291,0.198378,0.032538,0.574453,0.130153,0,1
1,1,65,61,49,37,31,16,129.53744,24.884932,8.082285,1.173895,0.121684,0.046015,0.020451,0.010226,0.545238,0.09612,1,1
1,1,46,44,44,41,38,28,143.889246,59.615396,24.835485,6.031329,1.200331,0.461508,0.248662,0.194427,0.530957,0.103353,1,1
1,1,66,64,63,62,56,42,39.164755,9.526313,3.345879,0.245682,0.004607,0.001536,0,0,0.481664,0.079847,0,1
1,1,65,63,58,53,43,23,26.038897,8.304289,4.61159,1.314482,0.422067,0.210255,0.147957,0.132383,0.504429,0.109021,0,1
1,1,96,86,82,71,59,42,30.683894,13.963673,6.040687,3.787403,2.265448,1.900543,1.601018,1.339503,0.499707,0.101869,0,1
1,0,49,47,46,41,34,22,151.742425,72.263727,39.77549,8.511975,0.772705,0.064138,0.013235,0.00509,0.497997,0.126239,1,1
1,0,81,73,68,63,54,43,18.018384,7.997996,1.856317,1.336362,0.642571,0.558758,0.426829,0.237472,0.493545,0.103991,0,1
1,1,13,12,11,10,9,6,175.634291,10.237137,3.939558,0.447932,0.023468,0.007142,0.002041,0.002041,0.508804,0.101014,1,1
1,1,102,90,74,57,42,24,113.300364,55.153629,30.234191,9.321769,3.882864,1.694679,1.168066,0.518336,0.483435,0.123118,0,1
1,1,58,47,43,30,22,16,116.663054,48.471998,24.461409,9.198188,5.534111,0.48779,0.151985,0.0267,0.544318,0.096531,1,1
1,1,40,36,30,26,20,13,28.421534,11.601307,2.904117,1.044188,0.341661,0.171841,0.078845,0.007076,0.472958,0.095018,1,1
1,0,35,35,35,35,30,26,34.962225,22.129896,2.140513,0.68177,0.012284,0,0,0,0.516941,0.098273,0,1
1,1,26,26,26,25,23,12,60.86373,31.334414,8.615861,2.649828,0.603659,0.376307,0.097997,0.065658,0.545879,0.117596,1,1
1,0,69,67,62,54,49,36,12.144417,4.758572,0.373131,0.053743,0,0,0,0,0.527866,0.099809,0,1
1,1,71,69,66,62,58,43,41.585991,13.626055,4.13593,0.083274,0.006168,0,0,0,0.507812,0.127995,0,1
1,1,22,21,20,19,15,12,59.628898,28.975956,11.511156,1.105663,0.142101,0.01168,0.003893,0.003893,0.555043,0.081757,1,1
1,0,91,90,86,76,68,48,6.348365,0.882015,0.269037,0,0,0,0,0,0.495467,0.123818,0,1
1,1,19,18,18,15,13,10,74.204722,43.47836,8.782808,0.271217,0.003847,0.003847,0.003847,0.003847,0.545294,0.090406,0,1
1,1,38,38,38,35,33,26,14.20962,5.807533,0.370426,0.003139,0,0,0,0,0.518991,0.138125,0,1
1,1,19,17,16,15,10,6,27.013234,9.422,0.773448,0.027729,0,0,0,0,0.539403,0.098043,1,1
1,1,19,19,17,17,14,9,97.439931,44.077855,15.029826,1.765179,0.135227,0.005161,0,0,0.524162,0.093936,1,1
1,0,63,61,59,56,50,29,34.052857,14.37599,5.018964,2.007278,0.178699,0.050837,0.016946,0.007703,0.528231,0.15251,0,1
1,1,19,19,18,16,14,8,67.000639,13.783533,5.318499,1.299765,0.185681,0.025092,0,0,0.554494,0.101372,1,1
1,1,5,4,4,4,3,3,81.52601,21.644911,9.326421,1.330601,0.240261,0.014253,0,0,0.485557,0.102824,0,1
1,1,42,38,32,24,15,9,69.50377,23.654779,12.949117,5.937161,3.242952,1.846337,0.681804,0.290875,0.536498,0.099021,0,1
1,1,58,56,51,44,35,30,3.557701,1.684824,0.539694,0.298131,0.151359,0,0,0,0.523933,0.087146,1,1
1,0,19,19,17,14,8,8,137.030933,15.034527,4.659757,0.567083,0.184118,0.093637,0.016834,0.008417,0.548436,0.095741,1,1
1,1,41,41,40,37,35,28,7.740693,2.386675,0.157655,0,0,0,0,0,0.518948,0.093656,0,1
1,1,36,35,32,29,27,21,3.203759,0.024433,0.001527,0,0,0,0,0,0.545851,0.102313,1,1
1,1,13,13,12,11,11,3,48.546062,27.189621,1.059144,0.075935,0,0,0,0,0.493149,0.142994,0,1
1,1,51,43,42,36,29,21,29.584628,9.536418,1.358037,0.516803,0.143499,0.053032,0.032235,0.021837,0.577148,0.123742,1,1
1,1,70,68,64,63,58,38,66.751648,32.166708,14.077515,3.378666,0.558174,0.063925,0.007796,0,0.50605,0.101344,0,1
1,1,72,69,68,62,56,46,24.846639,12.753548,2.537867,0.204864,0.053509,0.021404,0,0,0.523088,0.122307,0,1
1,1,22,22,19,17,15,11,5.468078,2.519937,0.155571,0,0,0,0,0,0.546808,0.174054,1,1
1,1,114,99,94,84,76,49,31.648833,13.188407,2.217076,0.173352,0.021289,0.013686,0.013686,0.012165,0.520957,0.09732,0,1
1,1,27,26,26,24,21,17,163.489683,60.452435,30.172431,6.53305,0.256523,0,0,0,0.538825,0.094127,0,1
1,1,98,94,83,75,69,48,22.568542,11.288918,1.048655,0.051116,0,0,0,0,0.526687,0.091389,0,1
1,1,73,73,71,64,55,38,18.317263,8.166542,0.444333,0.001532,0,0,0,0,0.48256,0.136364,0,1
1,1,12,11,11,10,10,7,13.082938,4.992341,0.178613,0.009814,0.003926,0.003926,0.003926,0.003926,0.513403,0.105009,0,1
1,1,30,29,27,22,14,11,133.231946,43.207178,14.784873,1.553071,0.311017,0.027176,0.006039,0,0.552687,0.091594,1,1
1,1,16,14,13,12,9,6,68.002805,13.919028,5.614372,1.196826,0.610773,0.306931,0.179215,0.086518,0.518665,0.093727,0,1
1,0,52,48,42,28,20,13,66.675091,24.554175,5.354579,2.296426,1.343501,0.80058,0.463171,0.228007,0.519109,0.09611,0,1
1,1,48,44,41,37,32,28,9.67831,3.893714,0.006134,0,0,0,0,0,0.50983,0.102749,1,1
1,1,48,46,45,41,35,25,16.42589,6.074005,0.440212,0.007669,0,0,0,0,0.515756,0.116572,0,1
1,1,141,130,110,84,62,34,88.463524,44.140608,20.072978,8.0165,4.467041,2.521083,1.708253,0.75139,0.524378,0.096694,0,1
1,1,66,65,51,42,29,19,208.147846,48.593544,28.071082,6.437186,0.284202,0.112666,0.00203,0,0.518021,0.085261,1,1
1,1,89,86,83,78,74,57,16.894319,6.756794,3.939259,2.655733,1.235297,0.900802,0.626983,0.429398,0.575575,0.105794,0,1
1,1,17,16,13,13,10,7,66.667356,32.732646,10.231284,1.204027,0.101154,0.042229,0.00491,0.002946,0.556169,0.087405,0,1
1,1,92,87,82,74,71,52,29.970704,11.818392,1.909717,0.136958,0.006155,0,0,0,0.544347,0.10772,0,1
1,1,90,81,76,71,56,43,46.370746,16.748907,7.310322,3.334121,2.1173,1.102499,0.817478,0.444758,0.531103,0.093963,0,1
1,1,64,63,62,60,57,54,36.052177,13.940611,2.904294,0.031145,0,0,0,0,0.552828,0.146383,0,1
1,1,64,47,38,32,26,19,110.619574,60.094759,23.128045,4.482978,0.623373,0.207111,0.170382,0.141815,0.493339,0.116308,1,1
1,1,69,67,56,45,31,18,21.334586,15.027367,11.275107,9.454719,7.762613,5.174057,1.878421,1.04764,0.559297,0.114538,0,1
1,1,100,81,60,45,32,18,71.199165,24.959258,4.367509,0.859064,0.109317,0.024751,0.012375,0.010313,0.520584,0.102098,1,1
1,1,62,61,61,61,60,49,15.176955,9.311751,0.761573,0.12615,0,0,0,0,0.561448,0.101232,0,1
1,1,23,22,20,19,15,8,193.715914,44.520036,20.093178,3.154603,1.146845,0.609294,0.329601,0.182996,0.568804,0.120611,0,1
1,0,75,70,65,54,49,37,18.463202,7.338871,0.775037,0.094366,0.026299,0.013923,0.007735,0.003094,0.514124,0.095913,0,1
1,1,50,42,38,32,27,14,111.331612,69.973079,30.775112,4.810738,1.349973,0.550553,0.269182,0.048757,0.5453,0.077199,1,1
1,1,6,6,6,6,5,5,67.222908,5.2789,1.201355,0.148482,0.01246,0,0,0,0.562787,0.104872,0,1
1,0,25,23,23,21,20,14,10.902544,7.388796,0.204684,0,0,0,0,0,0.556941,0.093038,1,1
1,1,60,60,57,55,54,45,26.723328,14.492224,2.523529,0.075423,0,0,0,0,0.48657,0.081708,0,1
1,1,30,29,29,23,20,16,10.921282,5.193938,0.418763,0,0,0,0,0,0.498399,0.144895,1,1
1,1,20,18,18,16,12,8,119.103903,30.481029,9.006061,0.964972,0.004093,0,0,0,0.492274,0.134052,1,1
1,1,64,60,55,49,44,31,22.383646,7.917911,1.365524,0.031933,0.001521,0,0,0,0.538562,0.114047,0,1
1,1,10,10,10,10,8,5,46.834688,14.499263,1.650394,0.011712,0.001952,0.001952,0.001952,0.001952,0.540532,0.096623,0,1
1,1,70,68,64,63,58,38,66.751648,32.166708,14.077515,3.378666,0.558174,0.063925,0.007796,0,0.50605,0.101344,0,1
1,1,24,23,20,18,16,12,128.776696,61.29622,42.974037,9.673157,1.462451,0.296022,0.003116,0,0.485478,0.104906,1,1
1,1,26,26,25,24,20,16,14.119144,3.856526,0.668035,0.022983,0,0,0,0,0.550185,0.122575,1,1
1,0,19,17,16,11,8,4,156.480074,20.287425,8.870512,1.772876,0.590618,0.311658,0.144078,0.066419,0.478611,0.116489,0,1
1,1,28,27,23,18,15,13,227.312144,125.420352,85.675383,15.222959,0.92185,0.036794,0.002983,0.002983,0.490459,0.093478,1,1
1,1,7,6,5,5,4,4,39.54425,16.924232,1.262382,0.184942,0.042599,0.039482,0.021819,0.02078,0.551708,0.110134,1,1
1,0,57,51,49,39,32,23,14.615942,4.640935,0.999657,0.520623,0.275714,0.227965,0.195619,0.041588,0.512218,0.095499,0,1
1,1,44,41,40,37,34,22,154.247519,70.969,36.186094,5.449273,0.34058,0.026273,0.007785,0.003892,0.517214,0.081739,1,1
1,1,46,42,35,29,24,13,102.089347,52.012674,18.369951,6.071522,2.99429,1.502395,0.932304,0.320217,0.534988,0.116538,1,1
1,1,45,42,38,34,26,15,96.779744,42.763946,10.710426,0.520306,0.01152,0.0048,0.00288,0.00288,0.540223,0.090238,0,1
1,1,89,86,84,81,78,71,33.240147,17.404309,4.412719,0.006363,0,0,0,0,0.549771,0.103398,0,1
1,1,89,86,79,69,59,37,12.236437,6.122027,1.208255,0.748112,0.54242,0,0,0,0.533741,0.103608,0,1
1,1,70,66,63,59,53,43,13.180516,3.342555,0.664748,0.058009,0,0,0,0,0.550484,0.119153,0,1
1,1,57,54,51,44,41,23,27.522474,7.875176,2.527834,0.42715,0.129101,0.046221,0.036658,0.031877,0.503397,0.132289,0,1
1,1,24,24,23,21,19,9,175.249663,44.115601,25.011717,4.756854,0.006863,0.005882,0.005882,0.005882,0.556006,0.097059,1,1
1,1,39,30,26,20,19,14,43.192408,3.958947,1.361812,0.033663,0,0,0,0,0.504942,0.11833,0,1
1,1,31,29,26,23,19,16,189.429937,28.371169,13.723796,2.580614,0.025972,0.002078,0,0,0.49087,0.104928,1,1
1,1,40,37,35,33,27,14,60.43486,8.993919,2.79234,0.544623,0.008144,0,0,0,0.490244,0.107907,0,1
1,1,85,80,68,57,38,18,89.448552,35.305937,8.282944,2.305012,1.243096,0.763976,0.39457,0.196278,0.534823,0.101662,1,1
1,1,18,18,17,16,14,12,175.012818,39.995108,18.744941,2.08117,0.15336,0.002059,0.002059,0.002059,0.494051,0.093663,0,1
1,0,18,15,13,13,12,7,60.215769,20.613718,6.337267,2.423283,0.297936,0.011224,0,0,0.484838,0.148968,1,1
1,1,50,50,50,50,47,43,13.294051,2.737373,0.851867,0.064699,0,0,0,0,0.482103,0.100129,1,1
1,1,91,79,70,66,57,37,44.589075,21.404577,11.891257,4.496892,2.129941,0.819329,0.040809,0.004709,0.51273,0.100454,0,1
1,1,31,28,24,21,18,16,223.013915,70.165127,32.893207,7.614333,0.947343,0.168533,0.080603,0.059667,0.490747,0.105726,1,1
1,1,52,50,50,50,49,46,8.205954,3.374966,0.727229,0.039098,0,0,0,0,0.541988,0.08758,1,1
1,1,5,4,4,4,4,4,77.651178,2.038849,0.322423,0,0,0,0,0,0.507693,0.106421,0,1
1,1,16,15,14,13,10,8,66.447502,30.704366,13.601814,1.533939,0.094144,0.00307,0,0,0.506241,0.101308,1,1
1,1,42,36,26,22,16,9,159.743211,27.651985,10.21556,2.912254,1.238687,0.777013,0.526597,0.122632,0.543101,0.114388,1,1
1,1,4,4,4,4,4,4,86.59211,8.963588,2.090261,0.24433,0.003106,0.002071,0,0,0.546505,0.102494,1,1
1,1,66,65,65,64,63,53,11.103445,4.009015,0.397164,0.129273,0.076318,0.052955,0.035823,0.01869,0.543196,0.096565,0,1
1,1,41,40,38,30,20,13,33.526691,24.008112,19.594329,15.376646,13.438483,1.567754,0.374559,0.260428,0.530879,0.128657,0,1
1,1,10,10,9,8,6,5,29.326201,7.69584,5.825565,3.333569,2.519605,0.896791,0.131911,0,0.513475,0.093054,0,1
1,1,52,52,51,48,46,32,22.034077,7.656689,1.39383,0.082817,0,0,0,0,0.50783,0.142196,0,1
1,1,45,40,37,28,21,14,112.305125,58.150064,23.638826,4.703961,1.463454,0.81763,0.253569,0.017595,0.565504,0.092113,0,1
1,1,67,67,67,62,56,40,47.154365,26.187092,7.776464,2.592155,0.399862,0.044772,0,0,0.486967,0.129685,0,1
1,1,29,28,24,22,19,10,69.53606,15.381034,3.094804,0.447746,0.002021,0,0,0,0.508188,0.110168,1,1
1,1,23,23,22,14,9,5,28.872984,11.024912,3.104465,1.083752,0.553848,0.357086,0.142626,0.014575,0.523488,0.09786,0,1
1,1,47,44,41,39,34,24,137.877736,24.437388,10.652664,2.66342,0.257193,0.130121,0.001017,0,0.487769,0.11284,1,1
1,1,21,20,20,19,15,12,77.682623,46.599175,13.868592,1.32062,0.061352,0,0,0,0.520033,0.128942,1,1
1,1,56,50,45,39,31,23,105.170765,55.359483,30.940866,7.775036,2.036927,0.865821,0.471709,0.098018,0.568779,0.106186,0,1
1,1,16,16,13,13,11,8,234.001284,50.120899,30.163858,7.717726,0.156663,0.002061,0.002061,0.002061,0.50326,0.122651,0,1
1,1,27,26,25,22,16,14,75.744359,21.878147,5.127609,0.747557,0.067385,0.023164,0.014741,0.00737,0.557738,0.114766,1,1
1,0,56,51,47,33,28,18,15.213796,7.694015,0.084804,0,0,0,0,0,0.48545,0.135686,0,1
1,0,43,40,40,38,36,23,18.12479,8.723542,0.280057,0.027851,0.007736,0.003095,0.001547,0,0.521101,0.125329,0,1
1,1,61,56,54,54,49,42,39.299701,19.292104,5.582081,1.32613,0.181957,0.070933,0.033924,0,0.520974,0.100231,0,1
1,1,75,69,65,58,50,33,35.255608,27.110295,14.737629,5.879959,4.293759,0.722921,0.147905,0.021129,0.529568,0.150923,0,1
1,1,19,19,19,17,11,9,34.785186,11.253488,1.742513,0.262251,0.042737,0.00777,0,0,0.53076,0.103929,0,1
1,1,35,33,32,31,31,26,6.193941,1.625616,0.108061,0,0,0,0,0,0.517101,0.08457,0,1
1,1,28,27,26,26,25,15,10.176048,3.087604,0.357218,0.020191,0,0,0,0,0.530395,0.136675,0,1
1,1,59,59,56,54,53,44,26.723328,14.492224,2.523529,0.075423,0,0,0,0,0.48657,0.081708,0,1
1,1,29,29,28,26,24,18,189.752152,46.437986,22.668862,4.696562,0.730099,0.287336,0.106345,0.068511,0.494069,0.121683,1,1
1,1,43,41,41,37,30,23,13.584697,4.33122,0.888847,0.010691,0,0,0,0,0.537812,0.091634,0,1
1,1,48,46,46,44,43,30,13.613731,4.473371,0.429059,0,0,0,0,0,0.55301,0.100682,0,1
1,1,16,15,13,12,11,8,174.865962,48.022909,26.633688,4.173555,0.007006,0.004003,0.004003,0.004003,0.551164,0.099084,0,1
1,1,8,8,6,5,4,3,5.195164,1.477782,0.079204,0,0,0,0,0,0.539724,0.110469,0,1
1,0,18,17,16,16,14,12,2.794739,0.750919,0.039274,0,0,0,0,0,0.565973,0.127248,0,1
1,1,15,15,13,11,8,5,172.065338,29.88842,10.561597,1.352898,0.177798,0.029633,0.008175,0.004087,0.537727,0.077659,1,1
1,1,76,73,71,68,63,51,39.947551,18.662912,6.914089,2.175708,0.419601,0.107231,0.023311,0.006216,0.5458,0.099461,0,1
1,1,89,83,77,70,60,43,29.528231,7.133284,2.560119,1.022524,0.676603,0.440401,0.385542,0.33373,0.493949,0.109719,0,1
1,1,36,36,35,33,31,21,11.10225,5.69315,0.315949,0,0,0,0,0,0.519717,0.110886,0,1
1,1,21,21,21,18,17,16,22.696828,10.016312,2.619998,0.034383,0.00393,0.00393,0.00393,0.00393,0.534833,0.090379,1,1
1,1,85,75,66,53,43,25,105.699915,38.534753,22.642112,3.289318,0.530698,0.148595,0.006065,0.006065,0.492917,0.097042,1,1
1,1,17,16,9,5,5,3,200.994099,18.937444,11.298169,2.657777,0.517314,0.327772,0.108908,0.008378,0.578737,0.087964,1,1
1,1,47,45,44,41,37,26,18.311719,10.214183,0.807893,0.010855,0,0,0,0,0.526183,0.108546,0,1
1,1,26,26,25,22,19,16,7.578417,1.916966,0.180438,0.003084,0,0,0,0,0.491208,0.148052,0,1
1,1,12,11,11,11,10,8,73.975723,39.190608,6.678279,0.779589,0.121811,0.014211,0,0,0.475377,0.11775,0,1
1,1,12,12,12,11,7,3,168.802033,11.933262,6.053296,0.113174,0,0,0,0,0.516734,0.128468,0,1
1,1,18,18,13,11,8,4,61.611911,21.056223,3.028357,0.409181,0.087237,0.015578,0,0,0.555732,0.087237,0,1
1,1,34,33,32,28,24,21,17.857563,9.394091,0.666893,0,0,0,0,0,0.517217,0.109128,0,1
1,1,74,67,67,61,53,40,33.558224,16.899024,2.577712,0.057248,0.001547,0,0,0,0.553512,0.092835,0,1
1,1,44,44,42,37,30,23,59.167495,25.760452,4.231984,0.325984,0.012575,0.005804,0.000967,0,0.54291,0.093829,1,1
1,1,67,66,63,62,55,44,16.189792,7.668931,0.294304,0.266422,0.020137,0,0,0,0.49111,0.133211,0,1
1,1,37,35,35,34,29,21,32.320564,12.709726,1.786315,0.185431,0,0,0,0,0.481081,0.08808,0,1
1,1,46,44,33,31,23,12,270.005461,69.277656,41.219975,8.046862,0.722888,0.131899,0.064416,0.009202,0.525313,0.116562,0,1
1,1,51,48,47,47,41,30,29.421458,14.567624,2.704454,0.160706,0.006122,0,0,0,0.556058,0.111729,0,1
1,1,20,19,17,17,12,7,47.277389,16.255006,2.564101,0.069671,0.001963,0,0,0,0.574094,0.097147,1,1
1,1,15,14,12,11,10,8,46.085371,8.265895,1.033848,0.032247,0.005863,0.004886,0.003909,0.003909,0.541188,0.099672,1,1
1,1,60,58,57,57,57,52,5.926543,1.384721,0.24345,0,0,0,0,0,0.552082,0.099241,0,1
1,1,30,28,25,22,16,11,72.636098,34.356714,8.482364,1.530209,0.146931,0.0087,0,0,0.554477,0.073465,1,1
1,1,26,21,20,18,13,10,35.746604,17.106464,11.827742,7.806147,6.151925,2.69153,0.704032,0.173222,0.551104,0.092183,0,1
1,1,74,67,58,53,39,23,153.945222,71.338393,36.523223,4.578731,1.403556,0.708442,0.457258,0.016404,0.542667,0.106625,1,1
1,1,76,75,68,57,57,41,14.117808,6.911382,0.756721,0.226252,0.064207,0.001529,0,0,0.54633,0.114655,0,1
1,1,26,26,23,20,16,10,334.706269,34.284418,20.310994,2.665168,0.642385,0.074841,0.034302,0.016631,0.521874,0.089393,0,1
1,1,43,42,42,40,39,34,21.612661,9.669272,0.903438,0.274757,0.128841,0.082272,0.066749,0.058987,0.541183,0.099347,0,1
1,1,49,45,45,41,39,31,33.109097,15.416024,1.973338,0.183784,0,0,0,0,0.52644,0.087219,0,1
1,1,50,43,41,34,29,22,58.221655,27.743226,12.42329,4.051579,2.008714,0.833601,0,0,0.543169,0.099349,0,1
1,1,76,70,69,69,67,59,17.353282,7.519909,2.553264,1.011468,0.565684,0,0,0,0.551115,0.095305,0,1
1,1,14,14,13,11,10,9,42.21873,14.659851,1.738361,0.2129,0.001953,0.000977,0,0,0.573369,0.077152,0,1
1,1,52,51,50,48,42,30,123.138147,84.0376,10.996109,1.068787,0,0,0,0,0.504307,0.111526,0,1
1,1,16,16,14,12,12,9,172.476114,99.221031,33.991731,2.357988,0.007021,0.004012,0.004012,0.004012,0.529646,0.099294,1,1
1,1,79,68,65,59,54,40,38.832528,15.447228,8.073274,3.547889,0.896685,0.228445,0.032635,0.010878,0.511621,0.105675,0,1
1,1,90,84,81,72,65,46,34.56356,13.585859,8.200374,4.914235,2.524889,1.484673,1.089075,0.639891,0.519817,0.132391,0,1
1,1,21,20,19,17,13,6,27.481596,5.579173,1.98435,1.110242,0.65351,0.508516,0.238205,0.053855,0.519491,0.109781,0,1
1,1,84,75,71,65,60,49,14.610978,4.011277,1.400423,0.20991,0.055159,0.007661,0,0,0.494907,0.148623,0,1
1,1,40,40,40,33,30,28,10.448014,3.651212,0.430546,0.114914,0,0,0,0,0.521089,0.110318,0,1
1,1,38,36,32,19,13,8,159.901453,86.301094,26.082431,2.430988,0.072704,0,0,0,0.531522,0.144385,1,1
1,1,6,6,6,5,5,5,256.299365,74.028689,34.473861,3.261167,0.006204,0,0,0,0.51087,0.102364,1,1
1,1,37,35,31,26,24,12,234.413166,71.307899,37.999591,4.739869,0.164371,0.014473,0.011372,0.004135,0.555139,0.10958,1,1
1,1,89,88,87,79,71,47,40.464405,13.897477,3.555385,0.395387,0.184514,0.031011,0.018606,0.013955,0.550869,0.088381,0,1
1,1,17,15,13,10,9,5,92.212028,35.178966,14.283589,1.009878,0,0,0,0,0.492307,0.116642,0,1
1,1,52,50,46,43,41,27,55.903345,32.687827,9.089159,1.426168,0.088185,0.021286,0.015204,0.013684,0.469959,0.10643,0,1
1,1,71,58,51,39,29,17,85.380624,27.652738,14.272283,8.628764,7.084008,1.590308,0.845263,0.361388,0.476745,0.13261,1,1
1,0,67,65,63,60,51,38,16.781292,6.77495,0.885503,0.479068,0.271987,0.168447,0.132903,0.035544,0.517156,0.10045,0,1
1,0,25,23,20,19,18,16,46.748151,25.54894,8.318598,0.264314,0,0,0,0,0.50642,0.118629,1,1
1,1,30,27,23,19,14,13,136.026849,26.844296,10.606287,2.408879,0.05055,0.004127,0.001032,0,0.49463,0.093879,0,1
1,1,84,80,70,60,55,39,10.444347,1.210556,0.116549,0.03108,0.004662,0.001554,0,0,0.499176,0.096347,0,1
1,1,35,35,34,33,32,25,12.291589,4.522698,0.154728,0,0,0,0,0,0.547669,0.099026,0,1
1,1,33,33,25,24,18,13,161.52881,15.548195,9.495251,6.17668,4.163427,2.829711,1.51425,0.764732,0.510175,0.092295,1,1
1,1,41,39,37,33,24,15,123.186574,70.360213,42.796705,9.220147,0.854882,0.298023,0.145402,0.004125,0.569552,0.109309,1,1
1,1,26,26,25,22,19,12,27.76374,14.416751,0.986305,0.251887,0.025796,0.009104,0,0,0.554947,0.115322,0,1
1,1,85,73,70,62,59,37,43.873596,17.321847,4.70807,1.229496,0.119951,0.015783,0.014205,0.012626,0.548025,0.107324,0,1
1,1,24,23,23,22,18,15,114.954384,43.476014,19.083951,3.687997,0.267105,0.014569,0.003885,0.000971,0.52384,0.111699,0,1
1,1,9,9,9,8,8,8,12.17193,1.169275,0.092337,0.012636,0.005832,0.005832,0.005832,0.005832,0.504977,0.101084,1,1
1,1,33,33,30,28,22,16,239.565587,84.779443,42.301013,7.438161,0.195876,0.010255,0,0,0.534159,0.139472,0,1
1,1,17,17,15,14,12,11,256.79509,21.141098,10.813817,1.906777,0.060565,0.007066,0,0,0.476528,0.089838,1,1
1,1,36,35,33,27,26,14,138.926392,72.129028,15.953894,2.452627,0.437712,0.063705,0.038017,0.031852,0.518562,0.086309,1,1
1,1,64,62,60,57,54,46,8.482082,3.428348,1.467007,0.356753,0.14878,0.059192,0.035195,0,0.513141,0.121584,0,1
1,1,105,99,90,81,74,40,34.359395,18.130799,4.048434,0.689643,0.283436,0.100036,0.040924,0.030314,0.543699,0.115193,0,1
1,1,74,73,72,65,57,44,43.638265,18.489718,5.710877,0.923251,0.060212,0.003088,0,0,0.536393,0.095722,0,1
1,0,4,4,4,3,3,3,102.063584,21.923143,8.194623,0.662088,0.180476,0.142318,0,0,0.532014,0.096941,1,1
1,0,25,24,24,22,20,16,29.987426,21.736068,6.876896,0.207927,0,0,0,0,0.532245,0.09479,0,1
1,1,24,23,22,16,14,9,47.3263,26.655198,12.243846,7.371068,5.069121,2.92386,1.354087,0.274686,0.488392,0.106393,0,1
1,0,25,25,20,17,14,8,124.658601,37.333584,13.411461,1.371045,0,0,0,0,0.52483,0.131063,0,1
1,1,77,74,72,67,56,41,83.772137,38.064103,13.085026,2.221689,0.050279,0.001571,0,0,0.523955,0.102129,0,1
1,1,11,7,6,6,6,5,31.073428,14.277795,1.746907,0.010051,0,0,0,0,0.531741,0.133682,0,1
1,0,18,18,18,17,13,8,57.121644,37.996253,13.657067,0.716757,0,0,0,0,0.476693,0.128283,0,1
1,1,36,35,34,33,31,23,5.519072,0.460177,0.073141,0,0,0,0,0,0.498459,0.115806,0,1
1,0,75,67,56,43,33,24,24.609135,10.657996,3.456785,2.159855,1.668933,1.252208,0.814138,0.294757,0.515086,0.087411,0,1
1,1,42,42,38,34,29,22,188.842,109.62098,42.257684,4.22721,0.154783,0.023073,0.001923,0.000961,0.512692,0.093254,1,1
1,1,58,55,52,49,45,39,12.547447,5.667086,0.184997,0.047791,0.007708,0,0,0,0.527407,0.098665,0,1
1,0,36,31,24,17,11,7,20.080246,8.736544,6.093828,4.994701,3.647721,2.524541,0.906701,0.50198,0.554235,0.113991,0,1
1,1,10,10,9,8,6,5,105.148084,6.938813,3.160411,0.168086,0.014091,0.002013,0,0,0.476589,0.133865,1,1
1,1,37,35,31,30,23,17,142.902547,51.393095,18.217466,2.014328,0.003891,0.003891,0.003891,0.002918,0.526081,0.10699,1,1
1,1,31,31,27,26,23,13,97.33323,55.639066,15.77683,1.829976,0.206909,0.077103,0.003904,0.003904,0.523205,0.121998,1,1
1,1,90,79,77,72,63,41,28.783945,4.76224,1.49945,0.318805,0.091523,0.074744,0.050338,0.041185,0.549158,0.102201,0,1
1,1,55,55,55,55,53,42,22.539775,12.094326,1.299162,0.144181,0,0,0,0,0.495623,0.104301,0,1
1,1,52,46,45,45,43,27,15.196175,2.928438,0.77866,0,0,0,0,0,0.546005,0.103103,0,1
1,1,3,3,3,3,2,1,70.32678,21.785368,4.35523,0.330764,0,0,0,0,0.520438,0.108548,0,1
1,1,2,2,2,2,2,1,31.537569,24.030768,11.270434,0,0,0,0,0,0.481576,0.121771,0,1
1,1,46,43,42,41,37,35,58.822238,42.069728,18.810185,0.655759,0.082736,0,0,0,0.553114,0.119508,0,1
1,1,18,14,13,11,10,5,63.270612,6.394202,1.538439,0.124298,0.008151,0,0,0,0.572817,0.090676,0,1
1,0,12,11,10,7,6,4,52.400954,12.633336,5.504258,0.789584,0.005188,0,0,0,0.490629,0.087155,0,1
1,1,60,58,55,50,40,28,56.709584,22.095023,11.583424,4.423014,1.065657,0.308439,0.075568,0.006169,0.557213,0.128002,0,1
1,1,26,26,25,24,22,17,2.411393,0.027196,0,0,0,0,0,0,0.504559,0.098208,0,1
1,1,55,45,39,35,24,15,195.949062,89.820474,36.524606,4.892434,0.470367,0.182577,0.132033,0.104182,0.537545,0.091804,0,1
1,1,8,7,7,6,4,4,92.535168,12.757757,4.485543,0.720486,0.028819,0.004117,0,0,0.51542,0.091605,1,1
1,1,23,22,21,18,11,8,28.403077,11.541893,3.601532,0.108398,0.003906,0.003906,0.001953,0.001953,0.510998,0.08496,1,1
1,0,21,21,19,17,11,9,186.916906,71.343434,43.848368,5.622976,0.253029,0.030831,0,0,0.574701,0.096746,1,1
1,1,31,31,31,30,28,25,24.170697,14.61863,2.299629,0.030744,0,0,0,0,0.538726,0.115289,0,1
1,1,29,25,23,19,16,10,38.923403,16.8311,4.729195,1.388388,0.223134,0.028925,0.003099,0.002066,0.508813,0.104336,0,1
1,0,53,51,50,48,46,38,11.056479,5.225312,1.043505,0.084103,0,0,0,0,0.544021,0.10435,0,1
1,1,34,33,32,31,31,27,20.10464,8.437332,0.983304,0.107717,0.001539,0,0,0,0.520941,0.11695,0,1
1,1,75,63,60,55,48,35,13.195493,4.396967,0.10407,0,0,0,0,0,0.513092,0.123966,0,1
1,1,9,8,7,7,6,5,52.047872,6.464113,1.194268,0.059052,0.001018,0.001018,0,0,0.557803,0.095704,1,1
1,1,12,12,12,12,11,9,159.205705,22.534048,9.497258,1.396154,0.216645,0.071212,0.024072,0.01003,0.516888,0.094281,1,1
1,1,39,35,32,22,18,13,47.616876,13.957929,4.96508,1.422412,0.232272,0.090442,0.04111,0,0.553208,0.09147,1,1
1,1,71,70,69,65,61,35,22.713486,7.067331,1.158354,0.060886,0,0,0,0,0.502431,0.062408,0,1
1,1,88,81,75,71,69,60,62.50233,32.804293,8.749053,1.550799,0.20491,0.009314,0.003105,0,0.51257,0.093141,0,1
1,1,17,16,13,12,7,5,232.191751,24.433967,14.21981,2.701129,1.170489,0.378567,0.162682,0.089014,0.479711,0.11357,0,1
1,1,70,70,70,67,64,53,19.51811,8.967155,1.491181,0.16826,0,0,0,0,0.530772,0.091076,0,1
1,1,20,19,19,17,16,11,10.727111,4.553021,0.095082,0,0,0,0,0,0.530975,0.129374,1,1
1,1,52,51,51,51,49,42,13.706668,7.36836,0.333024,0,0,0,0,0,0.540211,0.11772,0,1
1,1,16,14,14,13,9,5,90.759179,42.837838,11.046315,0.634947,0.005888,0.004907,0.003925,0.003925,0.524259,0.107951,1,1
1,1,11,11,10,8,7,5,53.091251,34.100542,11.240499,0.280916,0.021165,0.003848,0.003848,0.003848,0.499752,0.100052,0,1
1,1,33,33,30,25,20,12,180.646355,61.770755,25.424302,6.820715,2.320945,0.379318,0.135113,0.044037,0.505824,0.101085,1,1
1,0,56,52,47,39,31,20,19.306216,7.864365,1.977152,0.335628,0.054921,0.01373,0.001526,0,0.556149,0.102214,0,1
1,1,12,12,12,11,10,7,30.057134,18.070826,1.109987,0,0,0,0,0,0.539157,0.129272,0,1
1,1,12,12,11,11,11,4,52.843779,13.879844,4.757417,0.818891,0.007229,0,0,0,0.511266,0.119787,0,1
1,1,43,43,42,42,41,38,13.685203,7.038415,0.52217,0.010879,0,0,0,0,0.506338,0.130542,0,1
1,1,8,7,6,3,3,3,6.246874,2.299959,0.007705,0,0,0,0,0,0.526939,0.125207,0,1
1,1,63,61,61,57,55,48,25.678591,8.260906,3.439594,0.39765,0.020115,0,0,0,0.534283,0.083553,0,1
1,1,61,60,59,57,54,39,46.781501,22.067525,3.293158,0.293541,0.108549,0.001529,0,0,0.507493,0.099376,0,1
1,1,50,50,48,46,43,29,49.422613,23.966754,2.338679,0.326036,0.001567,0,0,0,0.481377,0.126966,0,1
1,1,76,72,71,70,69,63,16.588252,7.145854,3.803847,0.909444,0.197705,0.049031,0.007908,0,0.550922,0.094898,0,1
1,1,76,75,74,65,61,43,67.496987,31.455261,10.101486,1.233002,0.117211,0,0,0,0.517109,0.115689,0,1
1,1,57,49,38,29,24,15,118.942013,33.33793,9.652468,1.566272,0.061442,0.008058,0.001007,0,0.485307,0.10979,1,1
1,1,70,67,65,58,54,38,34.260055,16.501268,5.94027,1.6064,0.299262,0.006202,0,0,0.493708,0.128698,0,1
1,1,103,93,88,74,63,42,47.774853,25.40161,8.421227,2.831327,0.980658,0.686612,0.548683,0.419849,0.469762,0.110646,0,1
1,1,35,29,24,19,14,9,51.114355,11.394315,3.215894,0.474459,0.168928,0.111576,0.062566,0,0.533062,0.141816,0,1
1,1,41,41,41,39,34,23,8.258509,2.458605,0,0,0,0,0,0,0.538324,0.103212,0,1
1,1,55,54,53,53,52,46,42.826907,22.444576,4.278296,0.47868,0,0,0,0,0.52017,0.076903,0,1
1,1,100,94,84,72,47,33,98.954807,44.187972,21.234133,4.521687,0.459495,0.033494,0.024074,0.016747,0.492341,0.124556,1,1
1,1,46,46,45,44,41,37,9.150569,3.513952,0.562597,0.14141,0.001521,0,0,0,0.486841,0.106437,0,1
1,1,61,60,56,50,46,36,20.68162,3.358333,0.877936,0.135184,0,0,0,0,0.559707,0.101768,0,1
1,1,20,19,19,17,13,8,156.06893,47.75492,21.287331,1.648358,0.021662,0.016504,0,0,0.553926,0.127908,0,1
1,1,90,85,81,71,59,39,33.500085,14.112028,2.144301,0.271119,0.070861,0.012324,0.004621,0.00154,0.551878,0.087805,0,1
1,1,34,34,32,27,26,18,18.226436,9.511577,0.523995,0,0,0,0,0,0.50135,0.147086,0,1
1,1,56,54,50,40,31,22,219.648532,158.442548,91.191324,18.177068,2.113973,0.07753,0,0,0.533368,0.094069,1,1
1,1,22,20,17,12,7,3,133.583241,36.528715,13.305382,1.972521,0.183782,0.002088,0,0,0.499141,0.095024,1,1
1,1,66,55,45,35,24,11,151.05963,79.958925,49.216608,25.911411,16.426327,7.901811,3.525199,1.083237,0.44968,0.07381,1,1
1,1,69,67,64,54,35,20,114.716407,40.369563,22.201698,10.833246,5.925798,2.733302,1.628527,0.544578,0.487897,0.138487,1,1
1,1,85,82,81,76,70,54,25.343647,12.488848,1.77083,0.344242,0.134906,0.021709,0.012405,0.009304,0.521347,0.099241,0,1
1,0,31,30,30,27,21,13,33.810998,18.947181,9.19784,0.823657,0.100646,0,0,0,0.520918,0.127348,0,1
1,1,82,80,78,73,69,44,31.493032,8.16948,2.05952,0.452128,0.003118,0.003118,0,0,0.568194,0.101339,0,1
1,1,17,16,13,11,10,5,210.819039,74.587451,38.238853,8.032076,0.033286,0,0,0,0.553325,0.084729,1,1
1,1,78,77,76,76,73,61,15.871188,3.694036,1.122925,0.06815,0.001549,0,0,0,0.567241,0.091383,0,1
1,1,62,58,56,54,51,44,15.940036,9.944342,3.085268,0.030946,0,0,0,0,0.569273,0.117593,1,1
1,1,71,61,53,48,33,22,108.561508,18.386337,10.46063,5.192108,2.950617,1.293951,0.686711,0.323997,0.494633,0.133471,0,1
1,1,40,37,36,33,31,25,15.609862,6.743903,0.715542,0.006142,0,0,0,0,0.49121,0.107485,0,1
1,1,50,49,47,41,39,21,8.676455,2.06211,0.284324,0.03363,0.003057,0,0,0,0.542262,0.116175,0,1
1,1,15,14,13,12,11,4,98.756441,50.24816,14.304363,2.54967,0.415654,0.070417,0.000978,0,0.534122,0.094867,0,1
1,1,11,11,11,11,11,7,66.659286,29.27329,2.871356,0.006698,0.001914,0.001914,0.001914,0.001914,0.525879,0.094723,1,1
1,1,16,15,12,11,9,7,48.567233,18.544719,8.120221,1.464884,0.02433,0,0,0,0.557776,0.100362,1,1
1,1,35,31,28,25,20,16,52.805279,27.866246,6.442991,2.395844,1.124092,0.566725,0.217331,0.142461,0.555322,0.115425,0,1
1,1,79,76,74,72,69,50,61.559348,28.959444,12.778104,2.045287,0.038016,0,0,0,0.527993,0.101884,0,1
1,0,6,6,6,6,5,4,276.491407,130.357061,43.529055,2.821299,0.022399,0.001018,0.001018,0.001018,0.47478,0.067198,1,1
1,0,18,17,17,17,14,14,59.655889,22.852706,9.44173,0.739028,0.067801,0.008717,0,0,0.479596,0.123978,1,1
1,0,29,28,26,22,17,11,38.812879,27.759006,23.005114,15.172345,12.584615,1.793709,0,0,0.566874,0.080835,0,1
1,1,92,84,78,71,60,43,20.384375,10.683792,8.147488,6.674239,5.694161,4.20369,2.71322,1.269718,0.521502,0.104897,0,1
1,1,51,46,42,34,29,19,44.914316,20.704744,10.024051,4.828371,3.567413,2.005836,1.42717,0.694604,0.518726,0.108756,0,1
1,1,34,31,28,22,17,12,74.12034,22.944837,5.483742,0.167466,0,0,0,0,0.504309,0.110629,0,1
1,1,100,90,83,77,66,41,23.181784,8.018066,4.092195,2.201438,1.482793,1.299209,0.972838,0.114544,0.542757,0.119251,0,1
1,1,81,72,68,58,55,36,37.869355,13.204527,4.375919,0.492867,0.024567,0.004606,0,0,0.555577,0.128974,0,1
1,1,43,42,42,39,36,28,12.255884,4.606207,0.59415,0.044871,0,0,0,0,0.478333,0.116045,0,1
1,1,49,47,45,43,40,31,64.520618,34.302624,15.528032,4.110677,0.76606,0.121037,0,0,0.515569,0.087331,0,1
1,1,79,79,78,77,73,68,21.415656,11.118347,2.299217,0.238819,0.118629,0.026535,0,0,0.535719,0.071802,0,1
1,1,102,95,89,70,64,43,19.808769,7.688292,1.657768,0.290891,0.10322,0.048482,0.03597,0.026587,0.526014,0.109475,0,1
1,1,53,51,50,47,46,38,25.338479,13.69606,0.568748,0.013834,0.004611,0,0,0,0.513695,0.086081,0,1
1,1,10,10,10,10,10,8,153.031271,23.984338,9.658046,0.99796,0.0666,0.036422,0.022894,0.011447,0.569537,0.089494,1,1
1,1,49,48,47,45,41,32,45.319439,19.991336,3.974876,1.389591,0.807902,0.132342,0.007694,0.007694,0.4896,0.10772,0,1
1,1,46,37,34,33,29,13,86.175127,36.389715,20.789054,2.929168,0.243141,0.069916,0.010435,0.007305,0.523246,0.121049,1,1
1,1,13,13,9,9,7,4,180.743438,82.50953,59.466945,43.284476,33.69422,16.344028,5.937799,2.171842,0.48047,0.087937,0,1
1,1,59,58,56,51,51,30,13.198263,3.165746,0.235966,0,0,0,0,0,0.530613,0.148864,0,1
1,1,29,29,29,27,26,22,63.84635,31.315476,4.859545,0.489849,0.004099,0,0,0,0.51446,0.103504,0,1
1,1,35,33,29,28,23,16,136.667753,22.767191,9.801757,2.721685,1.144461,0.790663,0.434813,0.32611,0.572963,0.083066,1,1
1,0,56,52,48,40,31,19,33.640107,15.009336,4.177563,0.36194,0.15047,0.092518,0.067101,0.050834,0.547091,0.140303,0,1
1,1,57,46,42,39,32,20,33.786733,15.423602,7.897879,3.236234,1.412156,0.651529,0.374196,0.166196,0.568793,0.092784,0,1
1,1,61,61,56,44,29,14,109.396144,50.783631,34.529118,28.604893,24.396715,9.632533,3.374376,0.72043,0.50387,0.09379,1,1
1,1,11,9,8,5,4,1,10.429941,4.230234,0.407199,0.001008,0,0,0,0,0.485566,0.126998,0,1
1,0,14,13,13,12,10,8,90.996455,11.515006,4.491292,0.148244,0.004089,0,0,0,0.511026,0.121663,1,1
1,1,34,33,30,26,23,20,9.795567,4.343259,0.297399,0.130112,0.020136,0.017038,0.007745,0,0.509198,0.113073,0,1
1,1,34,32,30,28,27,23,168.945684,26.109415,10.274472,1.861005,0.336129,0.089156,0.019471,0.014347,0.508699,0.108627,1,1
1,1,51,46,43,36,29,19,57.270849,22.744436,15.326308,9.986499,8.13922,1.122044,0.023829,0,0.542932,0.102569,0,1
1,1,53,47,45,42,33,21,142.201444,102.855636,74.684599,59.766121,51.423208,20.098605,3.739609,0.988691,0.367762,0.082989,1,1
1,1,74,68,59,51,43,29,77.934319,62.267779,26.952456,3.481102,1.354816,0.355698,0.216581,0.132794,0.523988,0.156507,0,1
1,1,8,8,7,6,6,5,159.043311,44.49486,24.861507,4.774551,0.001019,0,0,0,0.502323,0.113146,1,1
1,1,14,13,13,12,11,7,189.540803,52.826758,19.35103,1.212168,0.050761,0,0,0,0.530857,0.125887,0,1
1,1,14,13,12,12,12,10,28.454272,10.544213,2.477285,0.571066,0.049006,0,0,0,0.547444,0.094011,0,1
1,1,39,39,38,36,29,20,19.162652,8.140657,1.995124,0.571997,0.311166,0.276084,0.253204,0.241001,0.543686,0.118975,0,1
1,1,44,43,35,30,20,12,202.64205,22.30103,10.218327,0.191951,0,0,0,0,0.531996,0.143963,1,1
1,1,147,132,113,91,65,37,32.693694,10.349979,0.917888,0.043257,0,0,0,0,0.588851,0.085459,0,1
1,1,28,28,25,22,21,15,90.47914,55.790363,24.653349,3.508139,0.636091,0.221161,0.004058,0,0.522802,0.140001,1,1
1,0,100,89,72,65,48,24,143.996532,46.013672,29.493929,14.958678,7.730844,3.339455,1.4774,0.441792,0.523424,0.10101,1,1
1,0,12,12,12,11,9,5,24.311596,15.58072,4.154666,2.433764,1.965918,0.320257,0,0,0.482594,0.123473,0,1
1,1,21,21,18,18,16,11,229.864652,115.178129,71.183743,14.914607,0.005772,0.00481,0.00481,0.003848,0.518789,0.088508,0,1
1,1,27,27,26,23,18,12,148.549839,55.618727,27.445364,5.742994,0.271292,0.030252,0.000976,0,0.514295,0.107346,0,1
1,1,70,66,64,58,54,44,24.527303,7.727656,2.049885,0.22001,0,0,0,0,0.519806,0.122902,0,1
1,1,51,49,49,44,41,32,25.949651,14.342938,1.002086,0.003122,0,0,0,0,0.507111,0.126431,0,1
1,1,60,58,58,53,47,32,18.925093,5.026597,1.542078,0.330337,0.063936,0.006089,0.004567,0,0.543653,0.089815,0,1
1,1,9,8,8,6,5,3,81.845323,18.032601,7.649846,0.996536,0.024,0.001043,0.001043,0.001043,0.530505,0.082436,1,1
1,1,56,53,52,50,49,38,20.535066,7.492565,0.876627,0.033599,0,0,0,0,0.541907,0.085525,0,1
1,1,42,41,40,38,29,16,30.225705,10.446708,4.056426,1.092476,0.352665,0.056426,0,0,0.570018,0.109718,0,1
1,1,61,60,57,52,45,33,13.457443,4.766178,0.726187,0.238998,0,0,0,0,0.510048,0.119499,0,1
1,1,66,65,61,55,48,31,261.647562,72.787694,49.467081,15.577731,4.30462,1.037749,0.090921,0.010451,0.572939,0.098236,1,1
1,0,56,55,55,51,48,33,15.933947,6.261148,1.201744,0.061946,0,0,0,0,0.540794,0.103759,0,1
1,1,71,62,57,47,37,23,95.232668,28.937086,20.983416,13.241118,9.436416,3.511711,0.637256,0.294038,0.583103,0.114057,1,1
1,1,100,89,81,71,62,49,15.296399,7.512279,3.999727,2.96887,2.45115,0.922427,0.042761,0.015272,0.5299,0.111485,0,1
1,0,23,22,20,18,13,8,131.077221,47.825963,24.719398,3.161361,0.044599,0.00726,0.001037,0,0.486577,0.115128,1,1
1,1,78,75,75,70,65,43,15.259422,8.751638,4.265453,0.185719,0.03958,0.004567,0,0,0.535677,0.118739,0,1
1,1,25,24,24,23,18,14,83.135316,46.049413,11.415154,1.663975,0.066478,0.009065,0,0,0.476429,0.13195,0,1
1,1,23,21,18,13,7,4,35.347026,9.43159,1.661299,0.247955,0.191132,0.169436,0.139475,0.001033,0.494143,0.099182,1,1
1,1,21,21,21,20,20,16,5.121229,1.694872,0.280699,0,0,0,0,0,0.4765,0.073226,1,1
1,1,42,39,36,29,21,13,96.385981,24.281414,7.722666,0.641116,0.242004,0.10051,0.072211,0.017565,0.487241,0.084897,0,1
1,1,37,36,33,24,18,10,37.686807,4.978201,1.180336,0.184896,0.024986,0.007996,0,0,0.535271,0.093947,0,1
1,1,46,46,46,43,42,34,26.839906,16.25448,5.512953,0.316836,0.109734,0,0,0,0.520977,0.095824,0,1
1,1,86,84,83,82,80,63,24.226598,4.989495,1.692755,0.165296,0.009183,0.003061,0.003061,0,0.537999,0.097953,0,1
1,1,56,54,54,51,48,36,8.804178,1.918597,0.168133,0,0,0,0,0,0.529728,0.100565,0,1
1,1,77,71,69,61,39,25,159.904908,94.032005,42.230588,16.562221,8.562842,5.137705,2.191362,1.327518,0.530547,0.127006,1,1
1,1,65,60,48,31,24,13,159.723711,43.983882,17.081478,1.644218,0.248323,0.087706,0.065515,0.051778,0.558896,0.12786,1,1
1,1,31,30,30,29,28,21,23.736589,12.865507,1.036667,0.072721,0.015473,0,0,0,0.516223,0.120687,0,1
1,1,3,3,3,3,1,1,22.266376,6.890557,0.731205,0.063583,0.007179,0.001026,0,0,0.513383,0.106655,0,1
1,1,12,12,10,9,8,4,51.440209,26.643732,6.51126,0.312865,0,0,0,0,0.520232,0.100426,0,1
1,1,31,31,31,27,22,17,22.404714,13.085926,1.196279,0.100579,0,0,0,0,0.55572,0.109722,0,1
1,1,53,53,52,51,51,41,8.63201,3.852405,0.383992,0.290335,0.16546,0.109266,0.085852,0.071803,0.551013,0.087413,1,1
1,1,12,12,10,9,7,6,243.066702,26.650463,13.732893,0.099581,0.002075,0.001037,0,0,0.553246,0.084022,1,1
1,1,39,36,29,23,13,7,40.525739,12.604947,4.740919,1.07757,0.563518,0.32686,0.239568,0.174584,0.485972,0.10669,1,1
